[{"id":"FFF0000000000001","type":"tab","label":"FlowFuse Device Flow","disabled":false,"info":""},{"id":"84f35fc5808152c1","type":"group","z":"FFF0000000000001","style":{"stroke":"#b2b3bd","stroke-opacity":"1","fill":"#f2f3fb","fill-opacity":"0.5","label":true,"label-position":"nw","color":"#32333b"},"nodes":["81c64fb5b3278404","2b1e8b3f34a47633","60ae7fe097b78ea9","f444b2d776a1b74a","9c26f4eff183d972","9fadf36eb72657b8","1a4d7176039bca52","97d7a8f3f3618729","637acf7db1baa20d","2064da270e5bc8ac","9ae7d9eef804d74b","6c9e9377f4386c5a","d3b44d6e2733fdf8"],"x":54,"y":219,"w":812,"h":242},{"id":"160389248ac28af6","type":"group","z":"FFF0000000000001","name":"Read License","style":{"stroke":"#ff3f3f","fill":"#ffefbf","label":true},"nodes":["1bdfdf96c5175be0","68ca3b37724fd3e6","72f2fc511390775c","0a79d3fbd3c17d8f","93977bfeb4e34a07","d5dea6cc8053bbcf"],"x":74,"y":779,"w":382,"h":142},{"id":"f49bbb8876d7ad40","type":"group","z":"FFF0000000000001","style":{"stroke":"#b2b3bd","stroke-opacity":"1","fill":"#f2f3fb","fill-opacity":"0.5","label":true,"label-position":"nw","color":"#32333b"},"nodes":["3dec43a8d4eff570","38071068b7c710c9","46ae141a60071648","d93cabc90b67c0e0","0e4eb7c848e849f9","921609af311cacca","1c4b916839624b2a","e8d8c54cc946c91c","a3b792415562f7a8","fc039a4a8c30903e","0fe07717705258b4","5c2284a9f4d0d670","f8d8db8b121ccae9","2fe196de81ad5868"],"x":64,"y":479,"w":822,"h":282},{"id":"FFCOM00000000001","type":"comment","z":"FFF0000000000001","name":"Welcome to Node-RED by FlowFuse! \\n This is a basic starter flow for your new device, to get you started.","info":"","x":310,"y":80,"wires":[]},{"id":"FFINJ00000000001","type":"inject","z":"FFF0000000000001","name":"On Start","props":[{"p":"payload"},{"p":"topic","vt":"str"}],"repeat":"","crontab":"","once":true,"onceDelay":"0.2","topic":"","payload":"true","payloadType":"bool","x":140,"y":160,"wires":[["FFCHA00000000001"]]},{"id":"FFCHA00000000001","type":"change","z":"FFF0000000000001","name":"Get Env Vars","rules":[{"t":"set","p":"payload","pt":"msg","to":"{}","tot":"json"},{"t":"set","p":"payload.device","pt":"msg","to":"FF_DEVICE_NAME","tot":"env"},{"t":"set","p":"payload.application","pt":"msg","to":"FF_APPLICATION_NAME","tot":"env"}],"action":"","reg":false,"x":320,"y":160,"wires":[["FFDBG00000000001"]]},{"id":"FFDBG00000000001","type":"debug","z":"FFF0000000000001","name":"Info","active":true,"tosidebar":true,"console":true,"tostatus":true,"complete":"payload","targetType":"msg","statusVal":"payload","statusType":"auto","x":550,"y":160,"wires":[]},{"id":"81c64fb5b3278404","type":"opcua-compact-client-control","z":"FFF0000000000001","g":"84f35fc5808152c1","clientNode":"8bac5fdce5b41644","name":"WAGO-PLC-CLIENT","showStatusActivities":false,"showErrors":false,"x":300,"y":260,"wires":[[]]},{"id":"2b1e8b3f34a47633","type":"opcua-service-browse","z":"FFF0000000000001","g":"84f35fc5808152c1","clientNode":"8bac5fdce5b41644","name":"","showStatusActivities":false,"showErrors":false,"x":420,"y":340,"wires":[["9c26f4eff183d972"]]},{"id":"60ae7fe097b78ea9","type":"inject","z":"FFF0000000000001","g":"84f35fc5808152c1","name":"","props":[{"p":"payload"},{"p":"topic","vt":"str"}],"repeat":"","crontab":"","once":false,"onceDelay":0.1,"topic":"","payload":"","payloadType":"date","x":115,"y":340,"wires":[["f444b2d776a1b74a"]],"l":false},{"id":"f444b2d776a1b74a","type":"opcua-inject-tool","z":"FFF0000000000001","g":"84f35fc5808152c1","name":"","showStatusActivities":false,"showErrors":false,"appendMode":false,"addressSpaceItems":[{"name":"Objects","nodeId":"ns=0;i=85","datatypeName":""}],"plusOpcuaDataStructureObject":{"opcuaItems":[{"name":"Objects","nodeId":"ns=0;i=85","datatypeName":""}],"metadata":{"parameters":{"recursive":false,"recursiveDepth":1,"referenceTypeId":null,"includeSubtypes":false,"nodeClassMask":3,"resultMask":63,"browseDirection":0},"hasOpcuaItems":true,"opcuaItemsLength":1}},"template":"Forward","templateClass":"Service","templateType":"Browse","templateInputs":{"template":"Forward","class":"Service","type":"Browse"},"x":250,"y":340,"wires":[["2b1e8b3f34a47633"]]},{"id":"9c26f4eff183d972","type":"debug","z":"FFF0000000000001","g":"84f35fc5808152c1","name":"debug 2","active":true,"tosidebar":true,"console":false,"tostatus":false,"complete":"payload","targetType":"msg","statusVal":"","statusType":"auto","x":565,"y":340,"wires":[],"l":false},{"id":"1bdfdf96c5175be0","type":"function","z":"FFF0000000000001","g":"160389248ac28af6","name":"Read .npmrc file","func":"//$PROMPT: read file .npmrc from where Node-RED is running  \nconst homeDir = os.homedir()\nconst npmrcPath = path.join(homeDir, '.npmrc')\n\ntry {\n    const npmrcContent = fs.readFileSync(npmrcPath, 'utf8')\n    msg.payload = npmrcContent\n} catch (err) {\n    node.error(`Failed to read .npmrc file: ${err.message}`)\n    msg.payload = null\n}\n\nreturn msg","outputs":1,"timeout":0,"noerr":0,"initialize":"","finalize":"","libs":[{"var":"fs","module":"fs"},{"var":"path","module":"path"},{"var":"os","module":"os"}],"x":260,"y":820,"wires":[["72f2fc511390775c"]]},{"id":"68ca3b37724fd3e6","type":"inject","z":"FFF0000000000001","g":"160389248ac28af6","name":"","props":[{"p":"payload"},{"p":"topic","vt":"str"}],"repeat":"","crontab":"","once":false,"onceDelay":0.1,"topic":"","payload":"","payloadType":"date","x":135,"y":820,"wires":[["1bdfdf96c5175be0"]],"l":false},{"id":"72f2fc511390775c","type":"debug","z":"FFF0000000000001","g":"160389248ac28af6","name":"debug 2","active":true,"tosidebar":true,"console":false,"tostatus":false,"complete":"payload","targetType":"msg","statusVal":"","statusType":"auto","x":395,"y":820,"wires":[],"l":false},{"id":"0a79d3fbd3c17d8f","type":"function","z":"FFF0000000000001","g":"160389248ac28af6","name":"read env Linux","func":"\nconst environ = fs.readFileSync('/proc/self/environ', 'utf8');\n\nconst envVars = environ.split('\\0').reduce((acc, pair) => {\n  const [key, value] = pair.split('=');\n  if (key) acc[key] = value;\n  return acc;\n}, {});\n\nmsg.payload = envVars;\nreturn msg;","outputs":1,"timeout":0,"noerr":0,"initialize":"","finalize":"","libs":[{"var":"fs","module":"fs"}],"x":260,"y":880,"wires":[["d5dea6cc8053bbcf"]]},{"id":"93977bfeb4e34a07","type":"inject","z":"FFF0000000000001","g":"160389248ac28af6","name":"","props":[{"p":"payload"},{"p":"topic","vt":"str"}],"repeat":"","crontab":"","once":false,"onceDelay":0.1,"topic":"","payload":"","payloadType":"date","x":135,"y":880,"wires":[["0a79d3fbd3c17d8f"]],"l":false},{"id":"d5dea6cc8053bbcf","type":"debug","z":"FFF0000000000001","g":"160389248ac28af6","name":"debug 3","active":true,"tosidebar":true,"console":false,"tostatus":false,"complete":"payload","targetType":"msg","statusVal":"","statusType":"auto","x":395,"y":880,"wires":[],"l":false},{"id":"3dec43a8d4eff570","type":"opcua-compact-client-control","z":"FFF0000000000001","g":"f49bbb8876d7ad40","clientNode":"c0cb0f729b837136","name":"PHOENIX-CONTACT-PLC-CLIENT","showStatusActivities":false,"showErrors":false,"x":340,"y":520,"wires":[[]]},{"id":"38071068b7c710c9","type":"opcua-service-browse","z":"FFF0000000000001","g":"f49bbb8876d7ad40","clientNode":"8bac5fdce5b41644","name":"","showStatusActivities":false,"showErrors":false,"x":420,"y":600,"wires":[["0e4eb7c848e849f9"]]},{"id":"46ae141a60071648","type":"inject","z":"FFF0000000000001","g":"f49bbb8876d7ad40","name":"","props":[{"p":"payload"},{"p":"topic","vt":"str"}],"repeat":"","crontab":"","once":false,"onceDelay":0.1,"topic":"","payload":"","payloadType":"date","x":125,"y":600,"wires":[["d93cabc90b67c0e0"]],"l":false},{"id":"d93cabc90b67c0e0","type":"opcua-inject-tool","z":"FFF0000000000001","g":"f49bbb8876d7ad40","name":"","showStatusActivities":false,"showErrors":false,"appendMode":false,"addressSpaceItems":[{"name":"Objects","nodeId":"ns=0;i=85","datatypeName":""}],"plusOpcuaDataStructureObject":{"opcuaItems":[{"name":"Objects","nodeId":"ns=0;i=85","datatypeName":""}],"metadata":{"parameters":{"recursive":false,"recursiveDepth":1,"referenceTypeId":null,"includeSubtypes":false,"nodeClassMask":3,"resultMask":63,"browseDirection":0},"hasOpcuaItems":true,"opcuaItemsLength":1}},"template":"Forward","templateClass":"Service","templateType":"Browse","templateInputs":{"template":"Forward","class":"Service","type":"Browse"},"x":250,"y":600,"wires":[["38071068b7c710c9"]]},{"id":"0e4eb7c848e849f9","type":"debug","z":"FFF0000000000001","g":"f49bbb8876d7ad40","name":"debug 1","active":true,"tosidebar":true,"console":false,"tostatus":false,"complete":"payload","targetType":"msg","statusVal":"","statusType":"auto","x":575,"y":600,"wires":[],"l":false},{"id":"921609af311cacca","type":"opcua-service-monitor","z":"FFF0000000000001","g":"f49bbb8876d7ad40","clientNode":"c0cb0f729b837136","name":"","configInNode":false,"groupedMonitoring":true,"queueSize":10,"discardOldest":true,"samplingInterval":1000,"requestedPublishingInterval":1000,"priority":0,"concatWithInputParams":true,"x":430,"y":660,"wires":[["1c4b916839624b2a","fc039a4a8c30903e"]]},{"id":"1c4b916839624b2a","type":"debug","z":"FFF0000000000001","g":"f49bbb8876d7ad40","name":"debug 4","active":false,"tosidebar":true,"console":false,"tostatus":false,"complete":"payload","targetType":"msg","statusVal":"","statusType":"auto","x":635,"y":720,"wires":[],"l":false},{"id":"e8d8c54cc946c91c","type":"opcua-inject-tool","z":"FFF0000000000001","g":"f49bbb8876d7ad40","name":"","showStatusActivities":false,"showErrors":false,"appendMode":false,"addressSpaceItems":[{"name":"Analog_OUT_1","nodeId":"ns=5;s=Arp.Plc.Eclr/Analog_OUT_1","datatypeName":"UInt16"}],"plusOpcuaDataStructureObject":{"opcuaItems":[{"name":"Analog_OUT_1","nodeId":"ns=5;s=Arp.Plc.Eclr/Analog_OUT_1","datatypeName":"UInt16"}],"metadata":{"parameters":{"priority":1,"maxNotificationsPerPublish":0,"requestedLifetimeCount":60,"requestedMaxKeepAliveCount":10,"publishingEnabled":true,"requestedPublishingInterval":1000,"groupedMonitoring":true,"discardOldest":true,"queueSize":10000,"samplingInterval":1000,"filter":null,"clientHandle":null},"hasOpcuaItems":true,"opcuaItemsLength":1}},"template":"Default","templateClass":"Service","templateType":"Monitor","templateInputs":{"template":"Default","class":"Service","type":"Monitor"},"x":250,"y":660,"wires":[["921609af311cacca","f8d8db8b121ccae9"]]},{"id":"a3b792415562f7a8","type":"inject","z":"FFF0000000000001","g":"f49bbb8876d7ad40","name":"","props":[{"p":"payload"},{"p":"topic","vt":"str"}],"repeat":"","crontab":"","once":false,"onceDelay":0.1,"topic":"","payload":"","payloadType":"date","x":125,"y":660,"wires":[["e8d8c54cc946c91c"]],"l":false},{"id":"fc039a4a8c30903e","type":"function","z":"FFF0000000000001","g":"f49bbb8876d7ad40","name":"extrac value","func":"const value = msg.payload.opcuaItems[0];\nmsg.payload = value;\nreturn msg;","outputs":1,"timeout":0,"noerr":0,"initialize":"","finalize":"","libs":[],"x":635,"y":660,"wires":[["0fe07717705258b4","5c2284a9f4d0d670","2fe196de81ad5868"]],"l":false},{"id":"0fe07717705258b4","type":"debug","z":"FFF0000000000001","g":"f49bbb8876d7ad40","name":"debug 5","active":false,"tosidebar":true,"console":false,"tostatus":false,"complete":"payload","targetType":"msg","statusVal":"","statusType":"auto","x":755,"y":600,"wires":[],"l":false},{"id":"5c2284a9f4d0d670","type":"ff-mqtt-out","z":"FFF0000000000001","g":"f49bbb8876d7ad40","name":"","topic":"devices/PI2BNODE02/PCPLC","qos":"2","retain":"true","respTopic":"","contentType":"","userProps":"","correl":"","expiry":"","x":755,"y":660,"wires":[],"l":false},{"id":"f8d8db8b121ccae9","type":"debug","z":"FFF0000000000001","g":"f49bbb8876d7ad40","name":"debug 6","active":false,"tosidebar":true,"console":false,"tostatus":false,"complete":"payload","targetType":"msg","statusVal":"","statusType":"auto","x":365,"y":720,"wires":[],"l":false},{"id":"2fe196de81ad5868","type":"ui-gauge","z":"FFF0000000000001","g":"f49bbb8876d7ad40","name":"Voltage","group":"dd6161beda772181","order":1,"value":"payload.value.value","valueType":"msg","width":3,"height":3,"gtype":"gauge-half","gstyle":"needle","title":"gauge","alwaysShowTitle":false,"floatingTitlePosition":"top-left","units":"units","icon":"","prefix":"","suffix":"","segments":[{"from":"0","color":"#5cd65c","text":"","textType":"label"},{"from":"4","color":"#ffc800","text":"","textType":"label"},{"from":"7","color":"#ea5353","text":"","textType":"label"}],"min":0,"max":10,"sizeThickness":16,"sizeGap":4,"sizeKeyThickness":8,"styleRounded":true,"styleGlow":false,"className":"","x":800,"y":720,"wires":[[]]},{"id":"9fadf36eb72657b8","type":"opcua-service-monitor","z":"FFF0000000000001","g":"84f35fc5808152c1","clientNode":"8bac5fdce5b41644","name":"","configInNode":false,"groupedMonitoring":true,"queueSize":10,"discardOldest":true,"samplingInterval":1000,"requestedPublishingInterval":1000,"priority":0,"concatWithInputParams":true,"x":430,"y":380,"wires":[["1a4d7176039bca52","2064da270e5bc8ac"]]},{"id":"1a4d7176039bca52","type":"debug","z":"FFF0000000000001","g":"84f35fc5808152c1","name":"debug 7","active":false,"tosidebar":true,"console":false,"tostatus":false,"complete":"payload","targetType":"msg","statusVal":"","statusType":"auto","x":565,"y":380,"wires":[],"l":false},{"id":"97d7a8f3f3618729","type":"opcua-inject-tool","z":"FFF0000000000001","g":"84f35fc5808152c1","name":"","showStatusActivities":false,"showErrors":false,"appendMode":false,"addressSpaceItems":[{"name":"iLevel_B501","nodeId":"ns=4;s=|var|PFC200V3-44C37D.PRG_OPCUA_B501.iLevel_B501","datatypeName":"Int16"}],"plusOpcuaDataStructureObject":{"opcuaItems":[{"name":"iLevel_B501","nodeId":"ns=4;s=|var|PFC200V3-44C37D.PRG_OPCUA_B501.iLevel_B501","datatypeName":"Int16"}],"metadata":{"parameters":{"priority":1,"maxNotificationsPerPublish":0,"requestedLifetimeCount":60,"requestedMaxKeepAliveCount":10,"publishingEnabled":true,"requestedPublishingInterval":1000,"groupedMonitoring":true,"discardOldest":true,"queueSize":10000,"samplingInterval":1000,"filter":null,"clientHandle":null},"hasOpcuaItems":true,"opcuaItemsLength":1}},"template":"Default","templateClass":"Service","templateType":"Monitor","templateInputs":{"template":"Default","class":"Service","type":"Monitor"},"x":250,"y":380,"wires":[["9fadf36eb72657b8"]]},{"id":"637acf7db1baa20d","type":"inject","z":"FFF0000000000001","g":"84f35fc5808152c1","name":"","props":[{"p":"payload"},{"p":"topic","vt":"str"}],"repeat":"","crontab":"","once":false,"onceDelay":0.1,"topic":"","payload":"","payloadType":"date","x":115,"y":380,"wires":[["97d7a8f3f3618729"]],"l":false},{"id":"2064da270e5bc8ac","type":"function","z":"FFF0000000000001","g":"84f35fc5808152c1","name":"extrac value","func":"const value = msg.payload.opcuaItems[0];\nmsg.payload = value;\nreturn msg;","outputs":1,"timeout":0,"noerr":0,"initialize":"","finalize":"","libs":[],"x":565,"y":420,"wires":[["9ae7d9eef804d74b","6c9e9377f4386c5a","d3b44d6e2733fdf8"]],"l":false},{"id":"9ae7d9eef804d74b","type":"debug","z":"FFF0000000000001","g":"84f35fc5808152c1","name":"debug 10","active":false,"tosidebar":true,"console":false,"tostatus":false,"complete":"payload","targetType":"msg","statusVal":"","statusType":"auto","x":715,"y":300,"wires":[],"l":false},{"id":"6c9e9377f4386c5a","type":"ff-mqtt-out","z":"FFF0000000000001","g":"84f35fc5808152c1","name":"","topic":"devices/PI2BNODE02/WAGOPLC","qos":"2","retain":"true","respTopic":"","contentType":"","userProps":"","correl":"","expiry":"","x":715,"y":360,"wires":[],"l":false},{"id":"d3b44d6e2733fdf8","type":"ui-gauge","z":"FFF0000000000001","g":"84f35fc5808152c1","name":"Level B501","group":"dd6161beda772181","order":2,"value":"payload.value.value","valueType":"msg","width":3,"height":3,"gtype":"gauge-half","gstyle":"needle","title":"gauge","alwaysShowTitle":false,"floatingTitlePosition":"top-left","units":"units","icon":"","prefix":"","suffix":"","segments":[{"from":"0","color":"#5cd65c","text":"","textType":"label"},{"from":"4","color":"#ffc800","text":"","textType":"label"},{"from":"7","color":"#ea5353","text":"","textType":"label"}],"min":0,"max":10,"sizeThickness":16,"sizeGap":4,"sizeKeyThickness":8,"styleRounded":true,"styleGlow":false,"className":"","x":770,"y":420,"wires":[[]]},{"id":"8bac5fdce5b41644","type":"opcua-compact-client","name":"P4NR-OPCUA-Client-WAGO-PLC","clientOptions":{"endpoint":"opc.tcp://192.168.8.48:4840","applicationName":"P4NR-Client","applicationUri":"urn:inip2b01:P4NR-Client","clientCertificateManager":null,"certificateFile":null,"clientName":"P4NR-Client","connectionStrategy":{"initialDelay":1000,"maxDelay":20000,"maxRetry":20,"randomisationFactor":0.1},"defaultSecureTokenLifetime":600000,"discoveryUrl":"","endpointMustExist":false,"keepPendingSessionsOnDisconnect":false,"keepSessionAlive":true,"privateKeyFile":null,"requestedSessionTimeout":60000,"securityMode":1,"securityPolicy":"http://opcfoundation.org/UA/SecurityPolicy#None","tokenRenewalInterval":0,"userIdentityInfo":{"type":0},"autoConnectCorrectEndpoint":true,"performanceMode":0,"pkiRootFolder":null},"template":"Unsecured","certificateOptions":{},"x509":false},{"id":"c0cb0f729b837136","type":"opcua-compact-client","name":"PHOENIX-OPCUA-Client","clientOptions":{"endpoint":"opc.tcp://192.168.1.10:4840","applicationName":"P4NR-Client","applicationUri":"urn:inip2b02:P4NR-Client","clientCertificateManager":null,"certificateFile":null,"clientName":"P4NR-Client","connectionStrategy":{"initialDelay":1000,"maxDelay":20000,"maxRetry":20,"randomisationFactor":0.1},"defaultSecureTokenLifetime":600000,"discoveryUrl":"","endpointMustExist":false,"keepPendingSessionsOnDisconnect":false,"keepSessionAlive":true,"privateKeyFile":null,"requestedSessionTimeout":60000,"securityMode":2,"securityPolicy":"http://opcfoundation.org/UA/SecurityPolicy#Basic256Sha256","tokenRenewalInterval":0,"userIdentityInfo":{"type":1,"username":"admin","password":"1ccab259"},"autoConnectCorrectEndpoint":true,"performanceMode":0,"pkiRootFolder":null},"template":"Signed","certificateOptions":{},"x509":false},{"id":"dd6161beda772181","type":"ui-group","name":"Group 1","page":"961e17f2fcad5eb9","width":6,"height":1,"order":1,"showTitle":true,"className":"","visible":"true","disabled":"false","groupType":"default"},{"id":"961e17f2fcad5eb9","type":"ui-page","name":"Page 1","ui":"b3bc54f3b8eef0d9","path":"/page1","icon":"home","layout":"grid","theme":"a192d926236bbefe","breakpoints":[{"name":"Default","px":"0","cols":"3"},{"name":"Tablet","px":"576","cols":"6"},{"name":"Small Desktop","px":"768","cols":"9"},{"name":"Desktop","px":"1024","cols":"12"}],"order":1,"className":"","visible":"true","disabled":"false"},{"id":"b3bc54f3b8eef0d9","type":"ui-base","name":"My Dashboard","path":"/dashboard","appIcon":"","includeClientData":true,"acceptsClientConfig":["ui-notification","ui-control"],"showPathInSidebar":false,"headerContent":"page","navigationStyle":"default","titleBarStyle":"default","showReconnectNotification":true,"notificationDisplayTime":1,"showDisconnectNotification":true,"allowInstall":false},{"id":"a192d926236bbefe","type":"ui-theme","name":"Default Theme","colors":{"surface":"#ffffff","primary":"#0094CE","bgPage":"#eeeeee","groupBg":"#ffffff","groupOutline":"#cccccc"},"sizes":{"density":"default","pagePadding":"12px","groupGap":"12px","groupBorderRadius":"4px","widgetGap":"12px"}},{"id":"966976e04e2a1801","type":"global-config","env":[],"modules":{"@plus4nodered/node-red-contrib-opcua-client":"1.2.16","@plus4nodered/node-red-contrib-opcua-services":"1.2.16","@plus4nodered/node-red-contrib-opcua-tools":"1.2.16","@flowfuse/nr-mqtt-nodes":"0.1.1","@flowfuse/node-red-dashboard":"1.28.0"}}]