[
    {
        "id": "8acd6904306fc0bd",
        "type": "tab",
        "label": "FlowFuse AI OPC UA",
        "disabled": false,
        "info": "",
        "env": []
    },
    {
        "id": "59d5cdf46615ecc4",
        "type": "function",
        "z": "8acd6904306fc0bd",
        "name": "OPC UA Client & Server",
        "func": "//$PROMPT: build a node-opcua client and server DI spec example with 8 DIO's and let them connect secured by signed&encrypted username and password\nconst { OPCUAServer, OPCUAClient, MessageSecurityMode, SecurityPolicy } = opcua\n\nlet dioData = []\n\n// Server setup\nconst server = new OPCUAServer({\n    port: 4334, // the port of the listening socket of the server\n    resourcePath: \"/UA/MyLittleServer\",\n    buildInfo: {\n        productName: \"MySampleServer\",\n        buildNumber: \"7658\",\n        buildDate: new Date()\n    },\n    securityPolicies: [SecurityPolicy.Basic256Sha256],\n    securityModes: [MessageSecurityMode.SignAndEncrypt]\n})\n\nserver.initialize().then(() => {\n\n    // Create 8 Digital Inputs/Outputs\n    const addressSpace = server.engine.addressSpace\n    const namespace = addressSpace.getOwnNamespace()\n\n    for (let i = 1; i <= 8; i++) {\n        namespace.addVariable({\n            organizedBy: addressSpace.rootFolder.objects,\n            browseName: `DIO${i}`,\n            dataType: \"Boolean\",\n            nodeId: `ns=1;s=DIO${i}`,\n            value: {\n                get: () => {\n                    return new opcua.Variant({\n                        dataType: opcua.DataType.Boolean,\n                        value: false // default value\n                    })\n                },\n                set: (variant) => {\n                    return opcua.StatusCodes.Good\n                }\n            }\n        })\n    }\n\n    server.start().then(() => {\n\n        node.warn(\"AI OPC UA Server started\");\n\n        // Client setup\n        const client = OPCUAClient.create({\n            securityMode: MessageSecurityMode.SignAndEncrypt,\n            securityPolicy: SecurityPolicy.Basic256Sha256,\n            endpointMustExist: false\n        })\n\n        client.connect(\"opc.tcp://localhost:4334/UA/MyLittleServer\").then(() => {\n\n            node.warn(\"AI OPC UA Client started\");\n\n            client.createSession({\n                // userName: \"user1\",\n                // password: \"password1\"\n            }).then((session) => {\n\n                node.warn(\"AI OPC UA Client Session started\");\n\n                // Read and write example\n                for (let i = 1; i <= 8; i++) {\n                    \n                    const nodeId = `ns=1;s=DIO${i}`\n\n                    session.readVariableValue(nodeId).then((dataValue) => {\n                        node.warn(`DIO${i} value: ${dataValue.value.value}`)\n                        dioData.push(dataValue)\n\n                        session.writeSingleNode(nodeId, {\n                            dataType: \"Boolean\",\n                            value: !dataValue.value.value\n                        })\n                    })\n                }\n                \n                session.close().then(() => {\n                    node.warn(\"AI Session closed and client disconnected\")\n                }).catch((err) => {\n                    node.error(\"Error closing session: \" + err.message)\n                }).finally(() => {\n                    client.disconnect().then(() => {\n                        node.warn(\"AI Client disconnected\")\n                        server.shutdown().then(() => {\n                            node.warn(\"AI Server shutdown completed\")\n                        })\n                    })\n                })\n            })\n        })\n    })\n})",
        "outputs": 1,
        "timeout": 0,
        "noerr": 0,
        "initialize": "",
        "finalize": "",
        "libs": [
            {
                "var": "opcua",
                "module": "node-opcua"
            }
        ],
        "x": 410,
        "y": 160,
        "wires": [
            [
                "6a283b9ff83d6a41"
            ]
        ]
    },
    {
        "id": "d5042b97f2ba5536",
        "type": "inject",
        "z": "8acd6904306fc0bd",
        "name": "",
        "props": [
            {
                "p": "payload"
            },
            {
                "p": "topic",
                "vt": "str"
            }
        ],
        "repeat": "",
        "crontab": "",
        "once": false,
        "onceDelay": 0.1,
        "topic": "",
        "payload": "",
        "payloadType": "date",
        "x": 225,
        "y": 160,
        "wires": [
            [
                "59d5cdf46615ecc4"
            ]
        ],
        "l": false
    },
    {
        "id": "6a283b9ff83d6a41",
        "type": "debug",
        "z": "8acd6904306fc0bd",
        "name": "debug 7",
        "active": true,
        "tosidebar": true,
        "console": false,
        "tostatus": false,
        "complete": "false",
        "statusVal": "",
        "statusType": "auto",
        "x": 650,
        "y": 160,
        "wires": []
    },
    {
        "id": "0427715c577b6875",
        "type": "function",
        "z": "8acd6904306fc0bd",
        "name": "OPC UA Client & Server",
        "func": "//$PROMPT: build a node-opcua client and server DI spec example with 8 DIO's \n// and let them connect secured by signed&encrypted username and password\n\nlet dioData = []\n\nconst session = context.get(\"opcuaSessionAI\");\n\nif (session) {\n    // Read and write example\n    for (let i = 1; i <= 8; i++) {\n\n        const nodeId = `ns=1;s=DIO${i}`\n\n        session.readVariableValue(nodeId).then((dataValue) => {\n            node.warn(`DIO${i} value: ${dataValue.value.value}`)\n            dioData.push(dataValue)\n\n            session.writeSingleNode(nodeId, {\n                dataType: \"Boolean\",\n                value: !dataValue.value.value\n            })\n        })\n    }\n\n    msg.payload = dioData;\n} else {\n    node.warn(\"None OPC UA session found, please establish connection first.\")\n}\n\nreturn msg;\n",
        "outputs": 1,
        "timeout": 0,
        "noerr": 0,
        "initialize": "// Code added here will be run once\n// whenever the node is started.\n\n// Server setup\nconst server = new nodeOpcua.OPCUAServer({\n    port: 4334, // the port of the listening socket of the server\n    resourcePath: \"/UA/MyLittleServer\",\n    buildInfo: {\n        productName: \"MySampleServer\",\n        buildNumber: \"7658\",\n        buildDate: new Date()\n    },\n    securityPolicies: [nodeOpcua.SecurityPolicy.Basic256Sha256],\n    securityModes: [nodeOpcua.MessageSecurityMode.SignAndEncrypt]\n})\n\nserver.initialize().then(() => {\n\n    // Create 8 Digital Inputs/Outputs\n    const addressSpace = server.engine.addressSpace\n    const namespace = addressSpace.getOwnNamespace()\n\n    for (let i = 1; i <= 8; i++) {\n        namespace.addVariable({\n            organizedBy: addressSpace.rootFolder.objects,\n            browseName: `DIO${i}`,\n            dataType: \"Boolean\",\n            nodeId: `ns=1;s=DIO${i}`,\n            value: {\n                get: () => {\n                    return new nodeOpcua.Variant({\n                        dataType: nodeOpcua.DataType.Boolean,\n                        value: false // default value\n                    })\n                },\n                set: (variant) => {\n                    return nodeOpcua.StatusCodes.Good\n                }\n            }\n        })\n    }\n\n    server.start().then(() => {\n\n        node.warn(\"AI OPC UA Server started\");\n\n        context.set(\"opcuaServerAI\", server);\n\n        // Client setup\n        const client = nodeOpcua.OPCUAClient.create({\n            securityMode: nodeOpcua.MessageSecurityMode.SignAndEncrypt,\n            securityPolicy: nodeOpcua.SecurityPolicy.Basic256Sha256,\n            endpointMustExist: false\n        })\n\n        context.set(\"opcuaClientAI\", client);\n\n        client.connect(\"opc.tcp://localhost:4334/UA/MyLittleServer\").then(() => {\n\n            node.warn(\"AI OPC UA Client started\");\n\n            client.createSession({\n                // userName: \"user1\",\n                // password: \"password1\"\n            }).then((session) => {\n\n                context.set(\"opcuaSessionAI\", session);\n                node.warn(\"AI OPC UA Client Session started\");\n            })\n        })\n    })\n})",
        "finalize": "// Code added here will be run when the\n// node is being stopped or re-deployed.\nconst server = context.get(\"opcuaServerAI\");\nconst client = context.get(\"opcuaClientAI\");\nconst session = context.get(\"opcuaSessionAI\");\n\nsession.close().then(() => {\n    node.warn(\"AI Session closed and client disconnected\")\n}).catch((err) => {\n    node.error(\"Error closing session: \" + err.message)\n}).finally(() => {\n    client.disconnect().then(() => {\n        node.warn(\"AI Client disconnected\")\n        server.shutdown().then(() => {\n            node.warn(\"AI Server shutdown completed\")\n        })\n    })\n})",
        "libs": [
            {
                "var": "nodeOpcua",
                "module": "node-opcua"
            }
        ],
        "x": 410,
        "y": 300,
        "wires": [
            [
                "3ca2b14af3ddcc74"
            ]
        ]
    },
    {
        "id": "42950567ece7e2b8",
        "type": "inject",
        "z": "8acd6904306fc0bd",
        "name": "",
        "props": [
            {
                "p": "payload"
            },
            {
                "p": "topic",
                "vt": "str"
            }
        ],
        "repeat": "",
        "crontab": "",
        "once": false,
        "onceDelay": 0.1,
        "topic": "",
        "payload": "",
        "payloadType": "date",
        "x": 225,
        "y": 300,
        "wires": [
            [
                "0427715c577b6875"
            ]
        ],
        "l": false
    },
    {
        "id": "3ca2b14af3ddcc74",
        "type": "debug",
        "z": "8acd6904306fc0bd",
        "name": "debug 9",
        "active": true,
        "tosidebar": true,
        "console": false,
        "tostatus": false,
        "complete": "false",
        "statusVal": "",
        "statusType": "auto",
        "x": 650,
        "y": 300,
        "wires": []
    }
]