[{"id":"5332886ef423d6dc","type":"tab","label":"Flow 1","disabled":false,"info":"","env":[]},{"id":"5f5d2d6083770e96","type":"opcua-model-server","z":"5332886ef423d6dc","name":"OPC UA Model Server","serverModel":"<?xml version=\"1.0\"?>\n<UANodeSet xmlns:xsi=\"http://www.w3.org/2001/XMLSchema-instance\" xmlns:uax=\"http://opcfoundation.org/UA/2008/02/Types.xsd\" xmlns=\"http://opcfoundation.org/UA/2011/03/UANodeSet.xsd\" xmlns:ns2=\"http://opcfoundation.org/UA/DI/Type.xsd\" xmlns:ns1=\"http://iniationware.com/UA/PLCnext/Type.xsd\">\n    <NamespaceUris>\n        <Uri>http://iniationware.com/UA/PLCnext</Uri>\n        <Uri>http://opcfoundation.org/UA/DI/</Uri>\n    </NamespaceUris>\n    <Models>\n        <Model ModelUri=\"http://iniationware.com/UA/PLCnext\" Version=\"1.0.0\" PublicationDate=\"2025-09-30T00:00:00.000Z\">\n            <RequiredModel ModelUri=\"http://opcfoundation.org/UA/\" Version=\"1.05.03\" PublicationDate=\"2023-12-15T00:00:00.000Z\"/>\n            <RequiredModel ModelUri=\"http://opcfoundation.org/UA/DI/\" Version=\"1.04.0\" PublicationDate=\"2022-11-03T00:00:00.000Z\"/>\n        </Model>\n    </Models>\n    <Aliases>\n        <Alias Alias=\"Argument\">i=296</Alias>\n        <Alias Alias=\"Boolean\">i=1</Alias>\n        <Alias Alias=\"Double\">i=11</Alias>\n        <Alias Alias=\"EUInformation\">i=887</Alias>\n        <Alias Alias=\"HasComponent\">i=47</Alias>\n        <Alias Alias=\"HasModellingRule\">i=37</Alias>\n        <Alias Alias=\"HasProperty\">i=46</Alias>\n        <Alias Alias=\"HasSubtype\">i=45</Alias>\n        <Alias Alias=\"HasTypeDefinition\">i=40</Alias>\n        <Alias Alias=\"Int32\">i=6</Alias>\n        <Alias Alias=\"LocalizedText\">i=21</Alias>\n        <Alias Alias=\"Organizes\">i=35</Alias>\n        <Alias Alias=\"Range\">i=884</Alias>\n        <Alias Alias=\"String\">i=12</Alias>\n    </Aliases>\n<!--ReferenceTypes-->\n<!--ObjectTypes-->\n<!--ObjectType - 1:PLCnextDeviceType {{{{ -->\n    <UAObjectType NodeId=\"ns=1;i=1000\" BrowseName=\"1:PLCnextDeviceType\">\n        <DisplayName>PLCnextDeviceType</DisplayName>\n        <Description>PLCnext I/O Device</Description>\n        <References>\n            <Reference ReferenceType=\"HasComponent\">ns=1;i=1001</Reference>\n            <Reference ReferenceType=\"HasComponent\">ns=1;i=1020</Reference>\n            <Reference ReferenceType=\"HasComponent\">ns=1;i=1024</Reference>\n            <Reference ReferenceType=\"HasComponent\">ns=1;i=1028</Reference>\n            <Reference ReferenceType=\"HasSubtype\" IsForward=\"false\">ns=2;i=1002</Reference>\n        </References>\n    </UAObjectType>\n<!--Object - 1:Digitals {{{{ -->\n    <UAObject NodeId=\"ns=1;i=1001\" BrowseName=\"1:Digitals\" ParentNodeId=\"ns=1;i=1000\">\n        <DisplayName>Digitals</DisplayName>\n        <Description>Digital inputs and outputs</Description>\n        <References>\n            <Reference ReferenceType=\"HasTypeDefinition\">i=61</Reference>\n            <Reference ReferenceType=\"HasModellingRule\">i=78</Reference>\n            <Reference ReferenceType=\"HasComponent\">ns=1;i=1002</Reference>\n            <Reference ReferenceType=\"HasComponent\">ns=1;i=1011</Reference>\n        </References>\n    </UAObject>\n<!--Object - 1:Inputs {{{{ -->\n    <UAObject NodeId=\"ns=1;i=1002\" BrowseName=\"1:Inputs\" ParentNodeId=\"ns=1;i=1001\">\n        <DisplayName>DigitalInputs</DisplayName>\n        <Description>Digital input channels</Description>\n        <References>\n            <Reference ReferenceType=\"HasTypeDefinition\">i=61</Reference>\n            <Reference ReferenceType=\"HasModellingRule\">i=78</Reference>\n            <Reference ReferenceType=\"HasComponent\">ns=1;i=1003</Reference>\n            <Reference ReferenceType=\"HasComponent\">ns=1;i=1004</Reference>\n            <Reference ReferenceType=\"HasComponent\">ns=1;i=1005</Reference>\n            <Reference ReferenceType=\"HasComponent\">ns=1;i=1006</Reference>\n            <Reference ReferenceType=\"HasComponent\">ns=1;i=1007</Reference>\n            <Reference ReferenceType=\"HasComponent\">ns=1;i=1008</Reference>\n            <Reference ReferenceType=\"HasComponent\">ns=1;i=1009</Reference>\n            <Reference ReferenceType=\"HasComponent\">ns=1;i=1010</Reference>\n        </References>\n    </UAObject>\n    <UAVariable NodeId=\"ns=1;i=1003\" BrowseName=\"1:IN01\" ParentNodeId=\"ns=1;i=1002\" AccessLevel=\"3\" DataType=\"Boolean\">\n        <DisplayName>DigitalInput1</DisplayName>\n        <References>\n            <Reference ReferenceType=\"HasTypeDefinition\">i=63</Reference>\n            <Reference ReferenceType=\"HasModellingRule\">i=78</Reference>\n        </References>\n        <Value>\n            <uax:Boolean>false</uax:Boolean>\n        </Value>\n    </UAVariable>\n    <UAVariable NodeId=\"ns=1;i=1004\" BrowseName=\"1:IN02\" ParentNodeId=\"ns=1;i=1002\" AccessLevel=\"3\" DataType=\"Boolean\">\n        <DisplayName>DigitalInput2</DisplayName>\n        <References>\n            <Reference ReferenceType=\"HasTypeDefinition\">i=63</Reference>\n            <Reference ReferenceType=\"HasModellingRule\">i=78</Reference>\n        </References>\n        <Value>\n            <uax:Boolean>false</uax:Boolean>\n        </Value>\n    </UAVariable>\n    <UAVariable NodeId=\"ns=1;i=1005\" BrowseName=\"1:IN03\" ParentNodeId=\"ns=1;i=1002\" AccessLevel=\"3\" DataType=\"Boolean\">\n        <DisplayName>DigitalInput3</DisplayName>\n        <References>\n            <Reference ReferenceType=\"HasTypeDefinition\">i=63</Reference>\n            <Reference ReferenceType=\"HasModellingRule\">i=78</Reference>\n        </References>\n        <Value>\n            <uax:Boolean>false</uax:Boolean>\n        </Value>\n    </UAVariable>\n    <UAVariable NodeId=\"ns=1;i=1006\" BrowseName=\"1:IN04\" ParentNodeId=\"ns=1;i=1002\" AccessLevel=\"3\" DataType=\"Boolean\">\n        <DisplayName>DigitalInput4</DisplayName>\n        <References>\n            <Reference ReferenceType=\"HasTypeDefinition\">i=63</Reference>\n            <Reference ReferenceType=\"HasModellingRule\">i=78</Reference>\n        </References>\n        <Value>\n            <uax:Boolean>false</uax:Boolean>\n        </Value>\n    </UAVariable>\n    <UAVariable NodeId=\"ns=1;i=1007\" BrowseName=\"1:IN05\" ParentNodeId=\"ns=1;i=1002\" AccessLevel=\"3\" DataType=\"Boolean\">\n        <DisplayName>DigitalInput5</DisplayName>\n        <References>\n            <Reference ReferenceType=\"HasTypeDefinition\">i=63</Reference>\n            <Reference ReferenceType=\"HasModellingRule\">i=78</Reference>\n        </References>\n        <Value>\n            <uax:Boolean>false</uax:Boolean>\n        </Value>\n    </UAVariable>\n    <UAVariable NodeId=\"ns=1;i=1008\" BrowseName=\"1:IN06\" ParentNodeId=\"ns=1;i=1002\" AccessLevel=\"3\" DataType=\"Boolean\">\n        <DisplayName>DigitalInput6</DisplayName>\n        <References>\n            <Reference ReferenceType=\"HasTypeDefinition\">i=63</Reference>\n            <Reference ReferenceType=\"HasModellingRule\">i=78</Reference>\n        </References>\n        <Value>\n            <uax:Boolean>false</uax:Boolean>\n        </Value>\n    </UAVariable>\n    <UAVariable NodeId=\"ns=1;i=1009\" BrowseName=\"1:IN07\" ParentNodeId=\"ns=1;i=1002\" AccessLevel=\"3\" DataType=\"Boolean\">\n        <DisplayName>DigitalInput7</DisplayName>\n        <References>\n            <Reference ReferenceType=\"HasTypeDefinition\">i=63</Reference>\n            <Reference ReferenceType=\"HasModellingRule\">i=78</Reference>\n        </References>\n        <Value>\n            <uax:Boolean>false</uax:Boolean>\n        </Value>\n    </UAVariable>\n    <UAVariable NodeId=\"ns=1;i=1010\" BrowseName=\"1:IN08\" ParentNodeId=\"ns=1;i=1002\" AccessLevel=\"3\" DataType=\"Boolean\">\n        <DisplayName>DigitalInput8</DisplayName>\n        <References>\n            <Reference ReferenceType=\"HasTypeDefinition\">i=63</Reference>\n            <Reference ReferenceType=\"HasModellingRule\">i=78</Reference>\n        </References>\n        <Value>\n            <uax:Boolean>false</uax:Boolean>\n        </Value>\n    </UAVariable>\n<!--Object - 1:Inputs }}}} -->\n<!--Object - 1:Outputs {{{{ -->\n    <UAObject NodeId=\"ns=1;i=1011\" BrowseName=\"1:Outputs\" ParentNodeId=\"ns=1;i=1001\">\n        <DisplayName>Digital Outputs</DisplayName>\n        <Description>Digital output channels</Description>\n        <References>\n            <Reference ReferenceType=\"HasTypeDefinition\">i=61</Reference>\n            <Reference ReferenceType=\"HasModellingRule\">i=78</Reference>\n            <Reference ReferenceType=\"HasComponent\">ns=1;i=1012</Reference>\n            <Reference ReferenceType=\"HasComponent\">ns=1;i=1013</Reference>\n            <Reference ReferenceType=\"HasComponent\">ns=1;i=1014</Reference>\n            <Reference ReferenceType=\"HasComponent\">ns=1;i=1015</Reference>\n            <Reference ReferenceType=\"HasComponent\">ns=1;i=1016</Reference>\n            <Reference ReferenceType=\"HasComponent\">ns=1;i=1017</Reference>\n            <Reference ReferenceType=\"HasComponent\">ns=1;i=1018</Reference>\n            <Reference ReferenceType=\"HasComponent\">ns=1;i=1019</Reference>\n        </References>\n    </UAObject>\n    <UAVariable NodeId=\"ns=1;i=1012\" BrowseName=\"1:OUT01\" ParentNodeId=\"ns=1;i=1011\" AccessLevel=\"3\" DataType=\"Boolean\">\n        <DisplayName>DigitalOutput1</DisplayName>\n        <References>\n            <Reference ReferenceType=\"HasTypeDefinition\">i=63</Reference>\n            <Reference ReferenceType=\"HasModellingRule\">i=78</Reference>\n        </References>\n        <Value>\n            <uax:Boolean>false</uax:Boolean>\n        </Value>\n    </UAVariable>\n    <UAVariable NodeId=\"ns=1;i=1013\" BrowseName=\"1:OUT02\" ParentNodeId=\"ns=1;i=1011\" AccessLevel=\"3\" DataType=\"Boolean\">\n        <DisplayName>DigitalOutput2</DisplayName>\n        <References>\n            <Reference ReferenceType=\"HasTypeDefinition\">i=63</Reference>\n            <Reference ReferenceType=\"HasModellingRule\">i=78</Reference>\n        </References>\n        <Value>\n            <uax:Boolean>false</uax:Boolean>\n        </Value>\n    </UAVariable>\n    <UAVariable NodeId=\"ns=1;i=1014\" BrowseName=\"1:OUT03\" ParentNodeId=\"ns=1;i=1011\" AccessLevel=\"3\" DataType=\"Boolean\">\n        <DisplayName>DigitalOutput3</DisplayName>\n        <References>\n            <Reference ReferenceType=\"HasTypeDefinition\">i=63</Reference>\n            <Reference ReferenceType=\"HasModellingRule\">i=78</Reference>\n        </References>\n        <Value>\n            <uax:Boolean>false</uax:Boolean>\n        </Value>\n    </UAVariable>\n    <UAVariable NodeId=\"ns=1;i=1015\" BrowseName=\"1:OUT04\" ParentNodeId=\"ns=1;i=1011\" AccessLevel=\"3\" DataType=\"Boolean\">\n        <DisplayName>DigitalOutput4</DisplayName>\n        <References>\n            <Reference ReferenceType=\"HasTypeDefinition\">i=63</Reference>\n            <Reference ReferenceType=\"HasModellingRule\">i=78</Reference>\n        </References>\n        <Value>\n            <uax:Boolean>false</uax:Boolean>\n        </Value>\n    </UAVariable>\n    <UAVariable NodeId=\"ns=1;i=1016\" BrowseName=\"1:OUT05\" ParentNodeId=\"ns=1;i=1011\" AccessLevel=\"3\" DataType=\"Boolean\">\n        <DisplayName>DigitalOutput5</DisplayName>\n        <References>\n            <Reference ReferenceType=\"HasTypeDefinition\">i=63</Reference>\n            <Reference ReferenceType=\"HasModellingRule\">i=78</Reference>\n        </References>\n        <Value>\n            <uax:Boolean>false</uax:Boolean>\n        </Value>\n    </UAVariable>\n    <UAVariable NodeId=\"ns=1;i=1017\" BrowseName=\"1:OUT06\" ParentNodeId=\"ns=1;i=1011\" AccessLevel=\"3\" DataType=\"Boolean\">\n        <DisplayName>DigitalOutput6</DisplayName>\n        <References>\n            <Reference ReferenceType=\"HasTypeDefinition\">i=63</Reference>\n            <Reference ReferenceType=\"HasModellingRule\">i=78</Reference>\n        </References>\n        <Value>\n            <uax:Boolean>false</uax:Boolean>\n        </Value>\n    </UAVariable>\n    <UAVariable NodeId=\"ns=1;i=1018\" BrowseName=\"1:OUT07\" ParentNodeId=\"ns=1;i=1011\" AccessLevel=\"3\" DataType=\"Boolean\">\n        <DisplayName>DigitalOutput7</DisplayName>\n        <References>\n            <Reference ReferenceType=\"HasTypeDefinition\">i=63</Reference>\n            <Reference ReferenceType=\"HasModellingRule\">i=78</Reference>\n        </References>\n        <Value>\n            <uax:Boolean>false</uax:Boolean>\n        </Value>\n    </UAVariable>\n    <UAVariable NodeId=\"ns=1;i=1019\" BrowseName=\"1:OUT08\" ParentNodeId=\"ns=1;i=1011\" AccessLevel=\"3\" DataType=\"Boolean\">\n        <DisplayName>DigitalOutput8</DisplayName>\n        <References>\n            <Reference ReferenceType=\"HasTypeDefinition\">i=63</Reference>\n            <Reference ReferenceType=\"HasModellingRule\">i=78</Reference>\n        </References>\n        <Value>\n            <uax:Boolean>false</uax:Boolean>\n        </Value>\n    </UAVariable>\n<!--Object - 1:Outputs }}}} -->\n<!--Object - 1:Digitals }}}} -->\n<!--Object - 1:Analogs {{{{ -->\n    <UAObject NodeId=\"ns=1;i=1020\" BrowseName=\"1:Analogs\" ParentNodeId=\"ns=1;i=1000\">\n        <DisplayName>AnalogOutputs</DisplayName>\n        <Description>Analog output</Description>\n        <References>\n            <Reference ReferenceType=\"HasTypeDefinition\">i=61</Reference>\n            <Reference ReferenceType=\"HasModellingRule\">i=78</Reference>\n            <Reference ReferenceType=\"HasComponent\">ns=1;i=1021</Reference>\n        </References>\n    </UAObject>\n    <UAVariable NodeId=\"ns=1;i=1021\" BrowseName=\"1:OUT01\" ParentNodeId=\"ns=1;i=1020\" AccessLevel=\"3\" DataType=\"Double\">\n        <DisplayName>AnalogOutput1</DisplayName>\n        <Description>Analog voltage output (0-10V)</Description>\n        <References>\n            <Reference ReferenceType=\"HasTypeDefinition\">i=2368</Reference>\n            <Reference ReferenceType=\"HasModellingRule\">i=78</Reference>\n            <Reference ReferenceType=\"HasProperty\">ns=1;i=1022</Reference>\n            <Reference ReferenceType=\"HasProperty\">ns=1;i=1023</Reference>\n        </References>\n    </UAVariable>\n    <UAVariable NodeId=\"ns=1;i=1022\" BrowseName=\"EURange\" ParentNodeId=\"ns=1;i=1021\" AccessLevel=\"3\" DataType=\"Range\">\n        <DisplayName>EURange</DisplayName>\n        <References>\n            <Reference ReferenceType=\"HasTypeDefinition\">i=68</Reference>\n            <Reference ReferenceType=\"HasModellingRule\">i=78</Reference>\n        </References>\n        <Value>\n            <ExtensionObject xmlns=\"http://opcfoundation.org/UA/2008/02/Types.xsd\">\n                <TypeId>\n                    <Identifier>i=885</Identifier>\n                </TypeId>\n                <Body>\n                    <Range>\n                        <Low>0</Low>\n                        <High>10</High>\n                    </Range>\n                </Body>\n            </ExtensionObject>\n        </Value>\n    </UAVariable>\n    <UAVariable NodeId=\"ns=1;i=1023\" BrowseName=\"EngineeringUnits\" ParentNodeId=\"ns=1;i=1021\" DataType=\"EUInformation\">\n        <DisplayName>EngineeringUnits</DisplayName>\n        <References>\n            <Reference ReferenceType=\"HasTypeDefinition\">i=68</Reference>\n            <Reference ReferenceType=\"HasModellingRule\">i=78</Reference>\n        </References>\n        <Value>\n            <ExtensionObject xmlns=\"http://opcfoundation.org/UA/2008/02/Types.xsd\">\n                <TypeId>\n                    <Identifier>i=888</Identifier>\n                </TypeId>\n                <Body>\n                    <EUInformation>\n                        <NamespaceUri>http://www.opcfoundation.org/UA/units/un/cefact</NamespaceUri>\n                        <UnitId>5655636</UnitId>\n                        <DisplayName>\n                            <Text>V</Text>\n                        </DisplayName>\n                        <Description>\n                            <Text>volt (V)</Text>\n                        </Description>\n                    </EUInformation>\n                </Body>\n            </ExtensionObject>\n        </Value>\n    </UAVariable>\n<!--Object - 1:Analogs }}}} -->\n<!--Object - 2:ParameterSet {{{{ -->\n    <UAObject NodeId=\"ns=1;i=1024\" BrowseName=\"2:ParameterSet\" ParentNodeId=\"ns=1;i=1000\">\n        <DisplayName>ParameterSet</DisplayName>\n        <Description>Device parameters</Description>\n        <References>\n            <Reference ReferenceType=\"HasTypeDefinition\">i=58</Reference>\n            <Reference ReferenceType=\"HasModellingRule\">i=78</Reference>\n            <Reference ReferenceType=\"HasComponent\">ns=1;i=1025</Reference>\n            <Reference ReferenceType=\"HasComponent\">ns=1;i=1026</Reference>\n            <Reference ReferenceType=\"HasComponent\">ns=1;i=1027</Reference>\n        </References>\n    </UAObject>\n    <UAVariable NodeId=\"ns=1;i=1025\" BrowseName=\"1:DeviceName\" ParentNodeId=\"ns=1;i=1024\" AccessLevel=\"3\" DataType=\"String\">\n        <DisplayName>DeviceName</DisplayName>\n        <References>\n            <Reference ReferenceType=\"HasTypeDefinition\">i=63</Reference>\n            <Reference ReferenceType=\"HasModellingRule\">i=78</Reference>\n        </References>\n        <Value>\n            <uax:String>Iniationware PLCnext Device</uax:String>\n        </Value>\n    </UAVariable>\n    <UAVariable NodeId=\"ns=1;i=1026\" BrowseName=\"1:SerialNumber\" ParentNodeId=\"ns=1;i=1024\" AccessLevel=\"3\" DataType=\"String\">\n        <DisplayName>SerialNumber</DisplayName>\n        <References>\n            <Reference ReferenceType=\"HasTypeDefinition\">i=63</Reference>\n            <Reference ReferenceType=\"HasModellingRule\">i=78</Reference>\n        </References>\n        <Value>\n            <uax:String>IniationwarePLC001</uax:String>\n        </Value>\n    </UAVariable>\n    <UAVariable NodeId=\"ns=1;i=1027\" BrowseName=\"1:ManufacturerName\" ParentNodeId=\"ns=1;i=1024\" AccessLevel=\"3\" DataType=\"String\">\n        <DisplayName>ManufacturerName</DisplayName>\n        <References>\n            <Reference ReferenceType=\"HasTypeDefinition\">i=63</Reference>\n            <Reference ReferenceType=\"HasModellingRule\">i=78</Reference>\n        </References>\n        <Value>\n            <uax:String>p4nr</uax:String>\n        </Value>\n    </UAVariable>\n<!--Object - 2:ParameterSet }}}} -->\n<!--Object - 2:MethodSet {{{{ -->\n    <UAObject NodeId=\"ns=1;i=1028\" BrowseName=\"2:MethodSet\" ParentNodeId=\"ns=1;i=1000\">\n        <DisplayName>MethodSet</DisplayName>\n        <Description>Device methods</Description>\n        <References>\n            <Reference ReferenceType=\"HasTypeDefinition\">i=58</Reference>\n            <Reference ReferenceType=\"HasModellingRule\">i=78</Reference>\n            <Reference ReferenceType=\"HasComponent\">ns=1;i=1029</Reference>\n        </References>\n    </UAObject>\n    <UAMethod NodeId=\"ns=1;i=1029\" BrowseName=\"1:CurrentVoltage\" ParentNodeId=\"ns=1;i=1028\">\n        <DisplayName>GetCurrentVoltage</DisplayName>\n        <Description>Returns current voltage of analog output</Description>\n        <References>\n            <Reference ReferenceType=\"HasModellingRule\">i=78</Reference>\n            <Reference ReferenceType=\"HasProperty\">ns=1;i=1030</Reference>\n        </References>\n    </UAMethod>\n    <UAVariable NodeId=\"ns=1;i=1030\" BrowseName=\"OutputArguments\" ParentNodeId=\"ns=1;i=1029\" ValueRank=\"1\" ArrayDimensions=\"1\" DataType=\"Argument\">\n        <DisplayName>OutputArguments</DisplayName>\n        <Description>the definition of the output arguments of method 2:MethodSet.1:CurrentVoltage</Description>\n        <References>\n            <Reference ReferenceType=\"HasTypeDefinition\">i=68</Reference>\n            <Reference ReferenceType=\"HasModellingRule\">i=78</Reference>\n        </References>\n        <Value>\n            <ListOfExtensionObject xmlns=\"http://opcfoundation.org/UA/2008/02/Types.xsd\">\n                <ExtensionObject>\n                    <TypeId>\n                        <Identifier>i=297</Identifier>\n                    </TypeId>\n                    <Body>\n                        <Argument>\n                            <Name>Voltage</Name>\n                            <DataType>\n                                <Identifier>i=11</Identifier>\n                            </DataType>\n                            <ValueRank>-1</ValueRank>\n                            <ArrayDimensions/>\n                            <Description>\n                                <Text>Current voltage value in volts</Text>\n                            </Description>\n                        </Argument>\n                    </Body>\n                </ExtensionObject>\n            </ListOfExtensionObject>\n        </Value>\n    </UAVariable>\n<!--Object - 2:MethodSet }}}} -->\n<!--ObjectType - 1:PLCnextDeviceType }}}}-->\n<!--VariableTypes-->\n<!--Other Nodes-->\n<!--Object - 1:PLCnextDevice1 {{{{ -->\n    <UAObject NodeId=\"ns=1;i=1031\" BrowseName=\"1:PLCnextDevice1\">\n        <DisplayName>PLCnextDevice1</DisplayName>\n        <Description>PLCnext I/O Device Instance</Description>\n        <References>\n            <Reference ReferenceType=\"HasTypeDefinition\">ns=1;i=1000</Reference>\n            <Reference ReferenceType=\"HasComponent\">ns=1;i=1032</Reference>\n            <Reference ReferenceType=\"HasComponent\">ns=1;i=1051</Reference>\n            <Reference ReferenceType=\"HasComponent\">ns=1;i=1055</Reference>\n            <Reference ReferenceType=\"HasComponent\">ns=1;i=1059</Reference>\n            <Reference ReferenceType=\"HasProperty\">ns=1;i=1062</Reference>\n            <Reference ReferenceType=\"HasProperty\">ns=1;i=1063</Reference>\n            <Reference ReferenceType=\"HasProperty\">ns=1;i=1064</Reference>\n            <Reference ReferenceType=\"HasProperty\">ns=1;i=1065</Reference>\n            <Reference ReferenceType=\"HasProperty\">ns=1;i=1066</Reference>\n            <Reference ReferenceType=\"HasProperty\">ns=1;i=1067</Reference>\n            <Reference ReferenceType=\"HasProperty\">ns=1;i=1068</Reference>\n            <Reference ReferenceType=\"HasProperty\">ns=1;i=1069</Reference>\n            <Reference ReferenceType=\"Organizes\" IsForward=\"false\">ns=2;i=5001</Reference>\n        </References>\n    </UAObject>\n<!--Object - 1:Digitals {{{{ -->\n    <UAObject NodeId=\"ns=1;i=1032\" BrowseName=\"1:Digitals\" ParentNodeId=\"ns=1;i=1031\">\n        <DisplayName>Digitals</DisplayName>\n        <Description>Digital inputs and outputs</Description>\n        <References>\n            <Reference ReferenceType=\"HasTypeDefinition\">i=61</Reference>\n            <Reference ReferenceType=\"HasComponent\">ns=1;i=1033</Reference>\n            <Reference ReferenceType=\"HasComponent\">ns=1;i=1042</Reference>\n        </References>\n    </UAObject>\n<!--Object - 1:Inputs {{{{ -->\n    <UAObject NodeId=\"ns=1;i=1033\" BrowseName=\"1:Inputs\" ParentNodeId=\"ns=1;i=1032\">\n        <DisplayName>DigitalInputs</DisplayName>\n        <Description>Digital input channels</Description>\n        <References>\n            <Reference ReferenceType=\"HasTypeDefinition\">i=61</Reference>\n            <Reference ReferenceType=\"HasComponent\">ns=1;i=1034</Reference>\n            <Reference ReferenceType=\"HasComponent\">ns=1;i=1035</Reference>\n            <Reference ReferenceType=\"HasComponent\">ns=1;i=1036</Reference>\n            <Reference ReferenceType=\"HasComponent\">ns=1;i=1037</Reference>\n            <Reference ReferenceType=\"HasComponent\">ns=1;i=1038</Reference>\n            <Reference ReferenceType=\"HasComponent\">ns=1;i=1039</Reference>\n            <Reference ReferenceType=\"HasComponent\">ns=1;i=1040</Reference>\n            <Reference ReferenceType=\"HasComponent\">ns=1;i=1041</Reference>\n        </References>\n    </UAObject>\n    <UAVariable NodeId=\"ns=1;i=1034\" BrowseName=\"1:IN01\" ParentNodeId=\"ns=1;i=1033\" AccessLevel=\"3\" DataType=\"Boolean\">\n        <DisplayName>DigitalInput1</DisplayName>\n        <References>\n            <Reference ReferenceType=\"HasTypeDefinition\">i=63</Reference>\n        </References>\n        <Value>\n            <uax:Boolean>false</uax:Boolean>\n        </Value>\n    </UAVariable>\n    <UAVariable NodeId=\"ns=1;i=1035\" BrowseName=\"1:IN02\" ParentNodeId=\"ns=1;i=1033\" AccessLevel=\"3\" DataType=\"Boolean\">\n        <DisplayName>DigitalInput2</DisplayName>\n        <References>\n            <Reference ReferenceType=\"HasTypeDefinition\">i=63</Reference>\n        </References>\n        <Value>\n            <uax:Boolean>false</uax:Boolean>\n        </Value>\n    </UAVariable>\n    <UAVariable NodeId=\"ns=1;i=1036\" BrowseName=\"1:IN03\" ParentNodeId=\"ns=1;i=1033\" AccessLevel=\"3\" DataType=\"Boolean\">\n        <DisplayName>DigitalInput3</DisplayName>\n        <References>\n            <Reference ReferenceType=\"HasTypeDefinition\">i=63</Reference>\n        </References>\n        <Value>\n            <uax:Boolean>false</uax:Boolean>\n        </Value>\n    </UAVariable>\n    <UAVariable NodeId=\"ns=1;i=1037\" BrowseName=\"1:IN04\" ParentNodeId=\"ns=1;i=1033\" AccessLevel=\"3\" DataType=\"Boolean\">\n        <DisplayName>DigitalInput4</DisplayName>\n        <References>\n            <Reference ReferenceType=\"HasTypeDefinition\">i=63</Reference>\n        </References>\n        <Value>\n            <uax:Boolean>false</uax:Boolean>\n        </Value>\n    </UAVariable>\n    <UAVariable NodeId=\"ns=1;i=1038\" BrowseName=\"1:IN05\" ParentNodeId=\"ns=1;i=1033\" AccessLevel=\"3\" DataType=\"Boolean\">\n        <DisplayName>DigitalInput5</DisplayName>\n        <References>\n            <Reference ReferenceType=\"HasTypeDefinition\">i=63</Reference>\n        </References>\n        <Value>\n            <uax:Boolean>false</uax:Boolean>\n        </Value>\n    </UAVariable>\n    <UAVariable NodeId=\"ns=1;i=1039\" BrowseName=\"1:IN06\" ParentNodeId=\"ns=1;i=1033\" AccessLevel=\"3\" DataType=\"Boolean\">\n        <DisplayName>DigitalInput6</DisplayName>\n        <References>\n            <Reference ReferenceType=\"HasTypeDefinition\">i=63</Reference>\n        </References>\n        <Value>\n            <uax:Boolean>false</uax:Boolean>\n        </Value>\n    </UAVariable>\n    <UAVariable NodeId=\"ns=1;i=1040\" BrowseName=\"1:IN07\" ParentNodeId=\"ns=1;i=1033\" AccessLevel=\"3\" DataType=\"Boolean\">\n        <DisplayName>DigitalInput7</DisplayName>\n        <References>\n            <Reference ReferenceType=\"HasTypeDefinition\">i=63</Reference>\n        </References>\n        <Value>\n            <uax:Boolean>false</uax:Boolean>\n        </Value>\n    </UAVariable>\n    <UAVariable NodeId=\"ns=1;i=1041\" BrowseName=\"1:IN08\" ParentNodeId=\"ns=1;i=1033\" AccessLevel=\"3\" DataType=\"Boolean\">\n        <DisplayName>DigitalInput8</DisplayName>\n        <References>\n            <Reference ReferenceType=\"HasTypeDefinition\">i=63</Reference>\n        </References>\n        <Value>\n            <uax:Boolean>false</uax:Boolean>\n        </Value>\n    </UAVariable>\n<!--Object - 1:Inputs }}}} -->\n<!--Object - 1:Outputs {{{{ -->\n    <UAObject NodeId=\"ns=1;i=1042\" BrowseName=\"1:Outputs\" ParentNodeId=\"ns=1;i=1032\">\n        <DisplayName>Digital Outputs</DisplayName>\n        <Description>Digital output channels</Description>\n        <References>\n            <Reference ReferenceType=\"HasTypeDefinition\">i=61</Reference>\n            <Reference ReferenceType=\"HasComponent\">ns=1;i=1043</Reference>\n            <Reference ReferenceType=\"HasComponent\">ns=1;i=1044</Reference>\n            <Reference ReferenceType=\"HasComponent\">ns=1;i=1045</Reference>\n            <Reference ReferenceType=\"HasComponent\">ns=1;i=1046</Reference>\n            <Reference ReferenceType=\"HasComponent\">ns=1;i=1047</Reference>\n            <Reference ReferenceType=\"HasComponent\">ns=1;i=1048</Reference>\n            <Reference ReferenceType=\"HasComponent\">ns=1;i=1049</Reference>\n            <Reference ReferenceType=\"HasComponent\">ns=1;i=1050</Reference>\n        </References>\n    </UAObject>\n    <UAVariable NodeId=\"ns=1;i=1043\" BrowseName=\"1:OUT01\" ParentNodeId=\"ns=1;i=1042\" AccessLevel=\"3\" DataType=\"Boolean\">\n        <DisplayName>DigitalOutput1</DisplayName>\n        <References>\n            <Reference ReferenceType=\"HasTypeDefinition\">i=63</Reference>\n        </References>\n        <Value>\n            <uax:Boolean>false</uax:Boolean>\n        </Value>\n    </UAVariable>\n    <UAVariable NodeId=\"ns=1;i=1044\" BrowseName=\"1:OUT02\" ParentNodeId=\"ns=1;i=1042\" AccessLevel=\"3\" DataType=\"Boolean\">\n        <DisplayName>DigitalOutput2</DisplayName>\n        <References>\n            <Reference ReferenceType=\"HasTypeDefinition\">i=63</Reference>\n        </References>\n        <Value>\n            <uax:Boolean>false</uax:Boolean>\n        </Value>\n    </UAVariable>\n    <UAVariable NodeId=\"ns=1;i=1045\" BrowseName=\"1:OUT03\" ParentNodeId=\"ns=1;i=1042\" AccessLevel=\"3\" DataType=\"Boolean\">\n        <DisplayName>DigitalOutput3</DisplayName>\n        <References>\n            <Reference ReferenceType=\"HasTypeDefinition\">i=63</Reference>\n        </References>\n        <Value>\n            <uax:Boolean>false</uax:Boolean>\n        </Value>\n    </UAVariable>\n    <UAVariable NodeId=\"ns=1;i=1046\" BrowseName=\"1:OUT04\" ParentNodeId=\"ns=1;i=1042\" AccessLevel=\"3\" DataType=\"Boolean\">\n        <DisplayName>DigitalOutput4</DisplayName>\n        <References>\n            <Reference ReferenceType=\"HasTypeDefinition\">i=63</Reference>\n        </References>\n        <Value>\n            <uax:Boolean>false</uax:Boolean>\n        </Value>\n    </UAVariable>\n    <UAVariable NodeId=\"ns=1;i=1047\" BrowseName=\"1:OUT05\" ParentNodeId=\"ns=1;i=1042\" AccessLevel=\"3\" DataType=\"Boolean\">\n        <DisplayName>DigitalOutput5</DisplayName>\n        <References>\n            <Reference ReferenceType=\"HasTypeDefinition\">i=63</Reference>\n        </References>\n        <Value>\n            <uax:Boolean>false</uax:Boolean>\n        </Value>\n    </UAVariable>\n    <UAVariable NodeId=\"ns=1;i=1048\" BrowseName=\"1:OUT06\" ParentNodeId=\"ns=1;i=1042\" AccessLevel=\"3\" DataType=\"Boolean\">\n        <DisplayName>DigitalOutput6</DisplayName>\n        <References>\n            <Reference ReferenceType=\"HasTypeDefinition\">i=63</Reference>\n        </References>\n        <Value>\n            <uax:Boolean>false</uax:Boolean>\n        </Value>\n    </UAVariable>\n    <UAVariable NodeId=\"ns=1;i=1049\" BrowseName=\"1:OUT07\" ParentNodeId=\"ns=1;i=1042\" AccessLevel=\"3\" DataType=\"Boolean\">\n        <DisplayName>DigitalOutput7</DisplayName>\n        <References>\n            <Reference ReferenceType=\"HasTypeDefinition\">i=63</Reference>\n        </References>\n        <Value>\n            <uax:Boolean>false</uax:Boolean>\n        </Value>\n    </UAVariable>\n    <UAVariable NodeId=\"ns=1;i=1050\" BrowseName=\"1:OUT08\" ParentNodeId=\"ns=1;i=1042\" AccessLevel=\"3\" DataType=\"Boolean\">\n        <DisplayName>DigitalOutput8</DisplayName>\n        <References>\n            <Reference ReferenceType=\"HasTypeDefinition\">i=63</Reference>\n        </References>\n        <Value>\n            <uax:Boolean>false</uax:Boolean>\n        </Value>\n    </UAVariable>\n<!--Object - 1:Outputs }}}} -->\n<!--Object - 1:Digitals }}}} -->\n<!--Object - 1:Analogs {{{{ -->\n    <UAObject NodeId=\"ns=1;i=1051\" BrowseName=\"1:Analogs\" ParentNodeId=\"ns=1;i=1031\">\n        <DisplayName>AnalogOutputs</DisplayName>\n        <Description>Analog output</Description>\n        <References>\n            <Reference ReferenceType=\"HasTypeDefinition\">i=61</Reference>\n            <Reference ReferenceType=\"HasComponent\">ns=1;i=1052</Reference>\n        </References>\n    </UAObject>\n    <UAVariable NodeId=\"ns=1;i=1052\" BrowseName=\"1:OUT01\" ParentNodeId=\"ns=1;i=1051\" AccessLevel=\"3\" DataType=\"Double\">\n        <DisplayName>AnalogOutput1</DisplayName>\n        <Description>Analog voltage output (0-10V)</Description>\n        <References>\n            <Reference ReferenceType=\"HasTypeDefinition\">i=2368</Reference>\n            <Reference ReferenceType=\"HasProperty\">ns=1;i=1053</Reference>\n            <Reference ReferenceType=\"HasProperty\">ns=1;i=1054</Reference>\n        </References>\n    </UAVariable>\n    <UAVariable NodeId=\"ns=1;i=1053\" BrowseName=\"EURange\" ParentNodeId=\"ns=1;i=1052\" AccessLevel=\"3\" DataType=\"Range\">\n        <DisplayName>EURange</DisplayName>\n        <References>\n            <Reference ReferenceType=\"HasTypeDefinition\">i=68</Reference>\n        </References>\n        <Value>\n            <ExtensionObject xmlns=\"http://opcfoundation.org/UA/2008/02/Types.xsd\">\n                <TypeId>\n                    <Identifier>i=885</Identifier>\n                </TypeId>\n                <Body>\n                    <Range>\n                        <Low>0</Low>\n                        <High>10</High>\n                    </Range>\n                </Body>\n            </ExtensionObject>\n        </Value>\n    </UAVariable>\n    <UAVariable NodeId=\"ns=1;i=1054\" BrowseName=\"EngineeringUnits\" ParentNodeId=\"ns=1;i=1052\" DataType=\"EUInformation\">\n        <DisplayName>EngineeringUnits</DisplayName>\n        <References>\n            <Reference ReferenceType=\"HasTypeDefinition\">i=68</Reference>\n        </References>\n        <Value>\n            <ExtensionObject xmlns=\"http://opcfoundation.org/UA/2008/02/Types.xsd\">\n                <TypeId>\n                    <Identifier>i=888</Identifier>\n                </TypeId>\n                <Body>\n                    <EUInformation>\n                        <NamespaceUri>http://www.opcfoundation.org/UA/units/un/cefact</NamespaceUri>\n                        <UnitId>5655636</UnitId>\n                        <DisplayName>\n                            <Text>V</Text>\n                        </DisplayName>\n                        <Description>\n                            <Text>volt (V)</Text>\n                        </Description>\n                    </EUInformation>\n                </Body>\n            </ExtensionObject>\n        </Value>\n    </UAVariable>\n<!--Object - 1:Analogs }}}} -->\n<!--Object - 2:ParameterSet {{{{ -->\n    <UAObject NodeId=\"ns=1;i=1055\" BrowseName=\"2:ParameterSet\" ParentNodeId=\"ns=1;i=1031\">\n        <DisplayName>ParameterSet</DisplayName>\n        <Description>Device parameters</Description>\n        <References>\n            <Reference ReferenceType=\"HasTypeDefinition\">i=58</Reference>\n            <Reference ReferenceType=\"HasComponent\">ns=1;i=1056</Reference>\n            <Reference ReferenceType=\"HasComponent\">ns=1;i=1057</Reference>\n            <Reference ReferenceType=\"HasComponent\">ns=1;i=1058</Reference>\n        </References>\n    </UAObject>\n    <UAVariable NodeId=\"ns=1;i=1056\" BrowseName=\"1:DeviceName\" ParentNodeId=\"ns=1;i=1055\" AccessLevel=\"3\" DataType=\"String\">\n        <DisplayName>DeviceName</DisplayName>\n        <References>\n            <Reference ReferenceType=\"HasTypeDefinition\">i=63</Reference>\n        </References>\n        <Value>\n            <uax:String>Iniationware PLCnext Device</uax:String>\n        </Value>\n    </UAVariable>\n    <UAVariable NodeId=\"ns=1;i=1057\" BrowseName=\"1:SerialNumber\" ParentNodeId=\"ns=1;i=1055\" AccessLevel=\"3\" DataType=\"String\">\n        <DisplayName>SerialNumber</DisplayName>\n        <References>\n            <Reference ReferenceType=\"HasTypeDefinition\">i=63</Reference>\n        </References>\n        <Value>\n            <uax:String>IniationwarePLC001</uax:String>\n        </Value>\n    </UAVariable>\n    <UAVariable NodeId=\"ns=1;i=1058\" BrowseName=\"1:ManufacturerName\" ParentNodeId=\"ns=1;i=1055\" AccessLevel=\"3\" DataType=\"String\">\n        <DisplayName>ManufacturerName</DisplayName>\n        <References>\n            <Reference ReferenceType=\"HasTypeDefinition\">i=63</Reference>\n        </References>\n        <Value>\n            <uax:String>p4nr</uax:String>\n        </Value>\n    </UAVariable>\n<!--Object - 2:ParameterSet }}}} -->\n<!--Object - 2:MethodSet {{{{ -->\n    <UAObject NodeId=\"ns=1;i=1059\" BrowseName=\"2:MethodSet\" ParentNodeId=\"ns=1;i=1031\">\n        <DisplayName>MethodSet</DisplayName>\n        <Description>Device methods</Description>\n        <References>\n            <Reference ReferenceType=\"HasTypeDefinition\">i=58</Reference>\n            <Reference ReferenceType=\"HasComponent\">ns=1;i=1060</Reference>\n        </References>\n    </UAObject>\n    <UAMethod NodeId=\"ns=1;i=1060\" BrowseName=\"1:CurrentVoltage\" ParentNodeId=\"ns=1;i=1059\" MethodDeclarationId=\"ns=1;i=1029\">\n        <DisplayName>GetCurrentVoltage</DisplayName>\n        <Description>Returns current voltage of analog output</Description>\n        <References>\n            <Reference ReferenceType=\"HasProperty\">ns=1;i=1061</Reference>\n        </References>\n    </UAMethod>\n    <UAVariable NodeId=\"ns=1;i=1061\" BrowseName=\"OutputArguments\" ParentNodeId=\"ns=1;i=1060\" ValueRank=\"1\" ArrayDimensions=\"1\" DataType=\"Argument\">\n        <DisplayName>OutputArguments</DisplayName>\n        <Description>the definition of the output arguments of method 2:MethodSet.1:CurrentVoltage</Description>\n        <References>\n            <Reference ReferenceType=\"HasTypeDefinition\">i=68</Reference>\n        </References>\n        <Value>\n            <ListOfExtensionObject xmlns=\"http://opcfoundation.org/UA/2008/02/Types.xsd\">\n                <ExtensionObject>\n                    <TypeId>\n                        <Identifier>i=297</Identifier>\n                    </TypeId>\n                    <Body>\n                        <Argument>\n                            <Name>Voltage</Name>\n                            <DataType>\n                                <Identifier>i=11</Identifier>\n                            </DataType>\n                            <ValueRank>-1</ValueRank>\n                            <ArrayDimensions/>\n                            <Description>\n                                <Text>Current voltage value in volts</Text>\n                            </Description>\n                        </Argument>\n                    </Body>\n                </ExtensionObject>\n            </ListOfExtensionObject>\n        </Value>\n    </UAVariable>\n<!--Object - 2:MethodSet }}}} -->\n    <UAVariable NodeId=\"ns=1;i=1062\" BrowseName=\"2:Manufacturer\" ParentNodeId=\"ns=1;i=1031\" DataType=\"LocalizedText\">\n        <DisplayName>Manufacturer</DisplayName>\n        <Description>Name of the company that manufactured the device</Description>\n        <References>\n            <Reference ReferenceType=\"HasTypeDefinition\">i=68</Reference>\n        </References>\n    </UAVariable>\n    <UAVariable NodeId=\"ns=1;i=1063\" BrowseName=\"2:Model\" ParentNodeId=\"ns=1;i=1031\" DataType=\"LocalizedText\">\n        <DisplayName>Model</DisplayName>\n        <Description>Model name of the device</Description>\n        <References>\n            <Reference ReferenceType=\"HasTypeDefinition\">i=68</Reference>\n        </References>\n    </UAVariable>\n    <UAVariable NodeId=\"ns=1;i=1064\" BrowseName=\"2:HardwareRevision\" ParentNodeId=\"ns=1;i=1031\" DataType=\"String\">\n        <DisplayName>HardwareRevision</DisplayName>\n        <Description>Revision level of the hardware of the device</Description>\n        <References>\n            <Reference ReferenceType=\"HasTypeDefinition\">i=68</Reference>\n        </References>\n    </UAVariable>\n    <UAVariable NodeId=\"ns=1;i=1065\" BrowseName=\"2:SoftwareRevision\" ParentNodeId=\"ns=1;i=1031\" DataType=\"String\">\n        <DisplayName>SoftwareRevision</DisplayName>\n        <Description>Revision level of the software/firmware of the device</Description>\n        <References>\n            <Reference ReferenceType=\"HasTypeDefinition\">i=68</Reference>\n        </References>\n    </UAVariable>\n    <UAVariable NodeId=\"ns=1;i=1066\" BrowseName=\"2:DeviceRevision\" ParentNodeId=\"ns=1;i=1031\" DataType=\"String\">\n        <DisplayName>DeviceRevision</DisplayName>\n        <Description>Overall revision level of the device</Description>\n        <References>\n            <Reference ReferenceType=\"HasTypeDefinition\">i=68</Reference>\n        </References>\n    </UAVariable>\n    <UAVariable NodeId=\"ns=1;i=1067\" BrowseName=\"2:DeviceManual\" ParentNodeId=\"ns=1;i=1031\" DataType=\"String\">\n        <DisplayName>DeviceManual</DisplayName>\n        <Description>Address (pathname in the file system or a URL | Web address) of user manual for the device</Description>\n        <References>\n            <Reference ReferenceType=\"HasTypeDefinition\">i=68</Reference>\n        </References>\n    </UAVariable>\n    <UAVariable NodeId=\"ns=1;i=1068\" BrowseName=\"2:SerialNumber\" ParentNodeId=\"ns=1;i=1031\" DataType=\"String\">\n        <DisplayName>SerialNumber</DisplayName>\n        <Description>Identifier that uniquely identifies, within a manufacturer, a device instance</Description>\n        <References>\n            <Reference ReferenceType=\"HasTypeDefinition\">i=68</Reference>\n        </References>\n    </UAVariable>\n    <UAVariable NodeId=\"ns=1;i=1069\" BrowseName=\"2:RevisionCounter\" ParentNodeId=\"ns=1;i=1031\" DataType=\"Int32\">\n        <DisplayName>RevisionCounter</DisplayName>\n        <Description>An incremental counter indicating the number of times the static data within the Device has been modified</Description>\n        <References>\n            <Reference ReferenceType=\"HasTypeDefinition\">i=68</Reference>\n        </References>\n    </UAVariable>\n<!--Object - 1:PLCnextDevice1 }}}} -->\n</UANodeSet>","serverMethods":"// Fill in these predefined functions\n// for the methods to do something!\n\n// You have the following globals available:\n// - console.log|warn|error\n// - DataType\n// - StatusCodes\n// - VariantArrayType\n// - CallMethodResult\n// - methodObject\n\n// You are forbidden to use:\n// - process\n// - require\n// - eval\n\n// Find out more about the model server at https://leanpub.com/u/biancode\n\nmethodObject = {\n}","xmlsetKeys":["standard","di"],"optionsTemplate":"Unsecured","serverOptions":{"port":14840,"hostname":"inip2b02","serverName":"P4NR-Server","discoveryUrl":"opc.tcp://0.0.0.0:4840","quiet":true,"allowAnonymous":true,"registerServerMethod":1,"performanceMode":0,"alternateHostname":["inip2b02","P4NR-Server","localhost","127.0.0.1","::1"],"serverCapabilities":{"maxBrowseContinuationPoints":0,"maxHistoryContinuationPoints":0,"maxStringLength":16777216,"maxArrayLength":1048576,"maxByteStringLength":16777216,"maxQueryContinuationPoints":0,"minSupportedSampleRate":100,"operationLimits":{"maxNodesPerBrowse":0,"maxNodesPerHistoryReadData":0,"maxNodesPerHistoryReadEvents":0,"maxNodesPerHistoryUpdateData":0,"maxNodesPerHistoryUpdateEvents":0,"maxNodesPerMethodCall":0,"maxNodesPerNodeManagement":0,"maxNodesPerRead":0,"maxNodesPerRegisterNodes":0,"maxNodesPerWrite":0,"maxNodesPerTranslateBrowsePathsToNodeIds":0,"maxMonitoredItemsPerCall":0},"maxSessions":10,"maxSubscriptions":100,"maxMonitoredItems":1000000,"maxSubscriptionsPerSession":10,"maxMonitoredItemsPerSubscription":100000,"maxSelectClauseParameters":100,"maxWhereClauseParameters":100,"maxMonitoredItemsQueueSize":60000},"pkiRootFolder":"","privateKeyFile":"","certificateFile":"","loadBackup":false,"users":[],"securityPolicies":["http://opcfoundation.org/UA/SecurityPolicy#None"],"nodeset_filename":["/opt/flowfuse-device/project/node_modules/node-opcua-nodesets/nodesets/Opc.Ua.NodeSet2.xml"],"securityModes":[1]},"pkiRootFolder":"","certificateFile":"","privateKeyFile":"","certificateOptions":{},"x":220,"y":80,"wires":[[]]},{"id":"edb0ed14facb0e98","type":"global-config","env":[],"modules":{"@plus4nodered/node-red-contrib-opcua-model-server":"1.2.16"}}]