[
    {
        "id": "9257c6991824317d",
        "type": "tab",
        "label": "OPC UA LDS",
        "disabled": false,
        "info": "",
        "env": []
    },
    {
        "id": "4ca1b8335a733eaa",
        "type": "group",
        "z": "9257c6991824317d",
        "name": "NodeOPCUA Local Discovery Server",
        "style": {
            "stroke": "#92d04f",
            "fill": "#c8e7a7",
            "label": true,
            "color": "#000000"
        },
        "nodes": [
            "e564e6af57792d1a",
            "b7663b4e69b26efa",
            "ef4f03f9dfd50b18",
            "4b5c0be3027bdc74"
        ],
        "x": 94,
        "y": 99,
        "w": 462,
        "h": 142
    },
    {
        "id": "0db838425c060de6",
        "type": "group",
        "z": "9257c6991824317d",
        "name": "OPC UA build via plain node-opcua",
        "style": {
            "stroke": "#6f2fa0",
            "fill": "#e3f3d3",
            "label": true
        },
        "nodes": [
            "d3d655de25c738da",
            "cf4a3bcd1ad42ff6",
            "0f23d59e67dec322"
        ],
        "x": 114,
        "y": 299,
        "w": 292,
        "h": 202
    },
    {
        "id": "4c8f6dc0a9294950",
        "type": "group",
        "z": "9257c6991824317d",
        "name": "searching OPC UA Servers",
        "style": {
            "stroke": "#0070c0",
            "fill": "#bfdbef",
            "label": true
        },
        "nodes": [
            "6cba97464d8e1834",
            "50d0b4075e3fcc68",
            "ec3fa56fe5c9a7a4"
        ],
        "x": 114,
        "y": 539,
        "w": 422,
        "h": 82
    },
    {
        "id": "e564e6af57792d1a",
        "type": "function",
        "z": "9257c6991824317d",
        "g": "4ca1b8335a733eaa",
        "name": "OPC UA discovery server",
        "func": "const discoveryServer = context.get(\"discoveryServer\");\n\nconst endpoints = discoveryServer.endpoints;\n\nmsg.payload = endpoints;\n\nreturn msg;",
        "outputs": 1,
        "timeout": 0,
        "noerr": 0,
        "initialize": "// Code added here will be run once\n// whenever the node is started.\n\ntry {\n    const discoveryServer = new nodeOpcua.OPCUADiscoveryServer({ \n        port: 4840,\n        automaticallyAcceptUnknownCertificate: true\n    });\n    await discoveryServer.start();\n\n    context.set(\"discoveryServer\", discoveryServer)\n\n    node.warn(\"OPC UA discovery server started\");\n\n    const endpointUrl = discoveryServer.endpoints[0].endpointDescriptions()[0].endpointUrl;\n\n    node.log(\"OPC UA discovery server endpoint url is \" + endpointUrl);\n} catch (error) {\n    node.error(error);\n};\n",
        "finalize": "// Code added here will be run when the\n// node is being stopped or re-deployed.\nconst discoveryServer = context.get(\"discoveryServer\")\ndiscoveryServer.shutdown()",
        "libs": [
            {
                "var": "nodeOpcua",
                "module": "node-opcua"
            }
        ],
        "x": 330,
        "y": 200,
        "wires": [
            [
                "ef4f03f9dfd50b18"
            ]
        ]
    },
    {
        "id": "b7663b4e69b26efa",
        "type": "comment",
        "z": "9257c6991824317d",
        "g": "4ca1b8335a733eaa",
        "name": "Local Discovery Server 4840",
        "info": "To manage LDS OPC UA Servers.\nLocal Discovery Server at port 4840\n\"discoveryUrl\": \n\"opc.tcp://0.0.0.0:4840\"\n\nThe server needs to set LDS:\n\"registerServerMethod\": 3,\n\nHIDDEN = 1, // the server doesn't expose itself to the external world\nMDNS = 2, // the server publish itself to the mDNS Multicast network directly\nLDS = 3 // the server registers itself to the LDS or LDS-ME (Local Discovery Server)\n",
        "x": 240,
        "y": 140,
        "wires": []
    },
    {
        "id": "d3d655de25c738da",
        "type": "function",
        "z": "9257c6991824317d",
        "g": "0db838425c060de6",
        "name": "Device Server OPC UA",
        "func": "\nreturn msg;",
        "outputs": 1,
        "timeout": 0,
        "noerr": 0,
        "initialize": "// Code added here will be run once\n// whenever the node is started.\n\nconst server = new nodeOpcua.OPCUAServer({\n    \"port\": 14848,\n    \"discoveryUrl\": \"opc.tcp://localhost:4840\",\n    \"nodeset_filename\": [\n        nodeOpcua.nodesets.standard,\n        nodeOpcua.nodesets.di\n    ],\n    registerServerMethod: nodeOpcua.RegisterServerMethod.LDS,\n});\n\nserver.initialize().then( () => {\n    const addressSpace = server.engine.addressSpace;\n\n    const nsDI = addressSpace.getNamespaceIndex(\"http://opcfoundation.org/UA/DI/\");\n    const deviceType = addressSpace.findObjectType(\"DeviceType\", nsDI);\n\n    const namespace2 = addressSpace.registerNamespace(\"urn:MyNameSpaceWithType\");\n    const myDeviceType = namespace2.addObjectType({\n        browseName: \"MyDeviceType\",\n        subtypeOf: deviceType\n    });\n\n    const myDevice = myDeviceType.instantiate({\n        browseName: \"MyDevice\",\n        organizedBy: addressSpace.rootFolder.objects.deviceSet,\n    });\n\n    server.start().then(() => {\n        const endpointUrl = server.getEndpointUrl();\n        node.warn(\"server on port : \" + server.endpoints[0].port.toString());\n        node.log(\"endpointUrl : \" + endpointUrl);\n        node.log(\"server now waiting for connections.\");\n    }).catch((err) => {\n        node.error(\"Server failed to start: \" + err.message);\n    }).finally(() => {\n        // Optional cleanup or final steps after server start attempt\n        node.log(\"server start done\");\n    });\n})\n.catch((err) => {\n    node.error(\"my error message\" + err.message);\n})\n.finally(() => {\n    context.set(\"opcuaServer\", server);\n    node.log(\"server build done\");\n});",
        "finalize": "// Code added here will be run when the\n// node is being stopped or re-deployed.\n\nconst server = context.get(\"opcuaServer\")\n\nserver.shutdown(1000).then(() => {\n    node.log(\"OPC UA Server shutdown complete\")\n}).catch(err => {\n    node.error(\"Error during OPC UA Server shutdown: \" + err.message)\n});",
        "libs": [
            {
                "var": "nodeOpcua",
                "module": "node-opcua"
            }
        ],
        "x": 270,
        "y": 400,
        "wires": [
            []
        ]
    },
    {
        "id": "cf4a3bcd1ad42ff6",
        "type": "opcua-compact-client-control",
        "z": "9257c6991824317d",
        "g": "0db838425c060de6",
        "clientNode": "4b913c5e47822468",
        "name": "Device Client OPC UA",
        "showStatusActivities": false,
        "showErrors": false,
        "x": 260,
        "y": 460,
        "wires": [
            []
        ]
    },
    {
        "id": "0f23d59e67dec322",
        "type": "comment",
        "z": "9257c6991824317d",
        "g": "0db838425c060de6",
        "name": "Programming OPC UA Server",
        "info": " - import node-opcua\n - programm server\n - start server",
        "x": 260,
        "y": 340,
        "wires": []
    },
    {
        "id": "ef4f03f9dfd50b18",
        "type": "debug",
        "z": "9257c6991824317d",
        "g": "4ca1b8335a733eaa",
        "name": "debug 6",
        "active": true,
        "tosidebar": true,
        "console": false,
        "tostatus": false,
        "complete": "payload",
        "targetType": "msg",
        "statusVal": "",
        "statusType": "auto",
        "x": 495,
        "y": 200,
        "wires": [],
        "l": false
    },
    {
        "id": "4b5c0be3027bdc74",
        "type": "inject",
        "z": "9257c6991824317d",
        "g": "4ca1b8335a733eaa",
        "name": "",
        "props": [
            {
                "p": "payload"
            },
            {
                "p": "topic",
                "vt": "str"
            }
        ],
        "repeat": "",
        "crontab": "",
        "once": false,
        "onceDelay": 0.1,
        "topic": "",
        "payload": "",
        "payloadType": "date",
        "x": 155,
        "y": 200,
        "wires": [
            [
                "e564e6af57792d1a"
            ]
        ],
        "l": false
    },
    {
        "id": "6cba97464d8e1834",
        "type": "function",
        "z": "9257c6991824317d",
        "g": "4c8f6dc0a9294950",
        "name": "Find OPC UA Servers",
        "func": "const discovery_server_endpointUrl = \"opc.tcp://localhost:4840\";\n\nnodeOpcua.findServersOnNetwork(discovery_server_endpointUrl, function (err, servers) {\n    if(err) {\n        node.warn(\"Error : \" + err.message);\n    } else {\n        msg.payload = servers;\n    }\n\n    return msg;\n});\n",
        "outputs": 1,
        "timeout": 0,
        "noerr": 0,
        "initialize": "",
        "finalize": "",
        "libs": [
            {
                "var": "nodeOpcua",
                "module": "node-opcua"
            }
        ],
        "x": 320,
        "y": 580,
        "wires": [
            [
                "ec3fa56fe5c9a7a4"
            ]
        ]
    },
    {
        "id": "50d0b4075e3fcc68",
        "type": "inject",
        "z": "9257c6991824317d",
        "g": "4c8f6dc0a9294950",
        "name": "",
        "props": [
            {
                "p": "payload"
            },
            {
                "p": "topic",
                "vt": "str"
            }
        ],
        "repeat": "",
        "crontab": "",
        "once": false,
        "onceDelay": 0.1,
        "topic": "",
        "payload": "",
        "payloadType": "date",
        "x": 175,
        "y": 580,
        "wires": [
            [
                "6cba97464d8e1834"
            ]
        ],
        "l": false
    },
    {
        "id": "ec3fa56fe5c9a7a4",
        "type": "debug",
        "z": "9257c6991824317d",
        "g": "4c8f6dc0a9294950",
        "name": "debug 8",
        "active": true,
        "tosidebar": true,
        "console": false,
        "tostatus": false,
        "complete": "payload",
        "targetType": "msg",
        "statusVal": "",
        "statusType": "auto",
        "x": 475,
        "y": 580,
        "wires": [],
        "l": false
    },
    {
        "id": "4b913c5e47822468",
        "type": "opcua-compact-client",
        "name": "P4NR-OPCUA-Client",
        "clientOptions": {
            "endpoint": "opc.tcp://localhost:14848",
            "applicationName": "P4NR-Client",
            "applicationUri": "urn:defiant-gadwall-3021-7f599c4c99-7rfxp:P4NR-Client",
            "clientCertificateManager": null,
            "certificateFile": null,
            "clientName": "P4NR-Client",
            "connectionStrategy": {
                "initialDelay": 1000,
                "maxDelay": 20000,
                "maxRetry": 20,
                "randomisationFactor": 0.1
            },
            "defaultSecureTokenLifetime": 600000,
            "discoveryUrl": "",
            "endpointMustExist": false,
            "keepPendingSessionsOnDisconnect": false,
            "keepSessionAlive": true,
            "privateKeyFile": null,
            "requestedSessionTimeout": 60000,
            "securityMode": 1,
            "securityPolicy": "http://opcfoundation.org/UA/SecurityPolicy#None",
            "tokenRenewalInterval": 0,
            "userIdentityInfo": {
                "type": 0
            },
            "autoConnectCorrectEndpoint": true,
            "performanceMode": 0,
            "pkiRootFolder": null
        },
        "template": "Unsecured",
        "certificateOptions": {},
        "x509": false
    },
    {
        "id": "720938931d04da5a",
        "type": "global-config",
        "env": [],
        "modules": {
            "@plus4nodered/node-red-contrib-opcua-client": "1.2.16"
        }
    }
]