[{"id":"FFF0000000000001","type":"tab","label":"FlowFuse Device Flow","disabled":false,"info":""},{"id":"ce6b582c97c80352","type":"group","z":"FFF0000000000001","style":{"stroke":"#b2b3bd","stroke-opacity":"1","fill":"#f2f3fb","fill-opacity":"0.5","label":true,"label-position":"nw","color":"#32333b"},"nodes":["682cd44c6b64f648","cf860189102683b0","cb35f5680adf3d15","d6787c4b005cc793","13cb4411dfb7f02d"],"x":94,"y":239,"w":642,"h":162},{"id":"84f35fc5808152c1","type":"group","z":"FFF0000000000001","style":{"stroke":"#b2b3bd","stroke-opacity":"1","fill":"#f2f3fb","fill-opacity":"0.5","label":true,"label-position":"nw","color":"#32333b"},"nodes":["81c64fb5b3278404","2b1e8b3f34a47633","60ae7fe097b78ea9","f444b2d776a1b74a","9c26f4eff183d972"],"x":99,"y":479,"w":667,"h":162},{"id":"FFCOM00000000001","type":"comment","z":"FFF0000000000001","name":"Welcome to Node-RED by FlowFuse! \\n This is a basic starter flow for your new device, to get you started.","info":"","x":310,"y":80,"wires":[]},{"id":"FFINJ00000000001","type":"inject","z":"FFF0000000000001","name":"On Start","props":[{"p":"payload"},{"p":"topic","vt":"str"}],"repeat":"","crontab":"","once":true,"onceDelay":"0.2","topic":"","payload":"true","payloadType":"bool","x":140,"y":160,"wires":[["FFCHA00000000001"]]},{"id":"FFCHA00000000001","type":"change","z":"FFF0000000000001","name":"Get Env Vars","rules":[{"t":"set","p":"payload","pt":"msg","to":"{}","tot":"json"},{"t":"set","p":"payload.device","pt":"msg","to":"FF_DEVICE_NAME","tot":"env"},{"t":"set","p":"payload.application","pt":"msg","to":"FF_APPLICATION_NAME","tot":"env"}],"action":"","reg":false,"x":320,"y":160,"wires":[["FFDBG00000000001"]]},{"id":"FFDBG00000000001","type":"debug","z":"FFF0000000000001","name":"Info","active":true,"tosidebar":true,"console":true,"tostatus":true,"complete":"payload","targetType":"msg","statusVal":"payload","statusType":"auto","x":490,"y":160,"wires":[]},{"id":"682cd44c6b64f648","type":"opcua-compact-client-control","z":"FFF0000000000001","g":"ce6b582c97c80352","clientNode":"edf09b8b323fe76f","name":"Node-RED OPC UA Server","showStatusActivities":false,"showErrors":false,"x":420,"y":280,"wires":[[]]},{"id":"cf860189102683b0","type":"opcua-service-browse","z":"FFF0000000000001","g":"ce6b582c97c80352","clientNode":"edf09b8b323fe76f","name":"","showStatusActivities":false,"showErrors":false,"x":440,"y":360,"wires":[["13cb4411dfb7f02d"]]},{"id":"cb35f5680adf3d15","type":"inject","z":"FFF0000000000001","g":"ce6b582c97c80352","name":"","props":[{"p":"payload"},{"p":"topic","vt":"str"}],"repeat":"","crontab":"","once":false,"onceDelay":0.1,"topic":"","payload":"","payloadType":"date","x":155,"y":360,"wires":[["d6787c4b005cc793"]],"l":false},{"id":"d6787c4b005cc793","type":"opcua-inject-tool","z":"FFF0000000000001","g":"ce6b582c97c80352","name":"","showStatusActivities":false,"showErrors":false,"appendMode":false,"addressSpaceItems":[{"name":"Objects","nodeId":"ns=0;i=85","datatypeName":""}],"plusOpcuaDataStructureObject":{"opcuaItems":[{"name":"Objects","nodeId":"ns=0;i=85","datatypeName":""}],"metadata":{"parameters":{"recursive":false,"recursiveDepth":1,"referenceTypeId":null,"includeSubtypes":false,"nodeClassMask":3,"resultMask":63,"browseDirection":0},"hasOpcuaItems":true,"opcuaItemsLength":1}},"template":"Forward","templateClass":"Service","templateType":"Browse","templateInputs":{"template":"Forward","class":"Service","type":"Browse"},"x":250,"y":360,"wires":[["cf860189102683b0"]]},{"id":"13cb4411dfb7f02d","type":"debug","z":"FFF0000000000001","g":"ce6b582c97c80352","name":"debug 1","active":true,"tosidebar":true,"console":false,"tostatus":false,"complete":"false","statusVal":"","statusType":"auto","x":630,"y":360,"wires":[]},{"id":"81c64fb5b3278404","type":"opcua-compact-client-control","z":"FFF0000000000001","d":true,"g":"84f35fc5808152c1","clientNode":"8bac5fdce5b41644","name":"WAGO-PLC-CLIENT","showStatusActivities":false,"showErrors":false,"x":340,"y":520,"wires":[[]]},{"id":"2b1e8b3f34a47633","type":"opcua-service-browse","z":"FFF0000000000001","g":"84f35fc5808152c1","clientNode":"8bac5fdce5b41644","name":"","showStatusActivities":false,"showErrors":false,"x":460,"y":600,"wires":[["9c26f4eff183d972"]]},{"id":"60ae7fe097b78ea9","type":"inject","z":"FFF0000000000001","g":"84f35fc5808152c1","name":"","props":[{"p":"payload"},{"p":"topic","vt":"str"}],"repeat":"","crontab":"","once":false,"onceDelay":0.1,"topic":"","payload":"","payloadType":"date","x":160,"y":600,"wires":[["f444b2d776a1b74a"]],"l":false},{"id":"f444b2d776a1b74a","type":"opcua-inject-tool","z":"FFF0000000000001","g":"84f35fc5808152c1","name":"","showStatusActivities":false,"showErrors":false,"appendMode":false,"addressSpaceItems":[{"name":"Objects","nodeId":"ns=0;i=85","datatypeName":""}],"plusOpcuaDataStructureObject":{"opcuaItems":[{"name":"Objects","nodeId":"ns=0;i=85","datatypeName":""}],"metadata":{"parameters":{"recursive":false,"recursiveDepth":1,"referenceTypeId":null,"includeSubtypes":false,"nodeClassMask":3,"resultMask":63,"browseDirection":0},"hasOpcuaItems":true,"opcuaItemsLength":1}},"template":"Forward","templateClass":"Service","templateType":"Browse","templateInputs":{"template":"Forward","class":"Service","type":"Browse"},"x":290,"y":600,"wires":[["2b1e8b3f34a47633"]]},{"id":"9c26f4eff183d972","type":"debug","z":"FFF0000000000001","g":"84f35fc5808152c1","name":"debug 2","active":true,"tosidebar":true,"console":false,"tostatus":false,"complete":"false","statusVal":"","statusType":"auto","x":660,"y":600,"wires":[]},{"id":"edf09b8b323fe76f","type":"opcua-compact-client","name":"P4NR-OPCUA-Client","clientOptions":{"endpoint":"opc.tcp://192.168.8.123:53880","applicationName":"P4NR-Client","applicationUri":"urn:inip2b01:P4NR-Client","clientCertificateManager":null,"certificateFile":null,"clientName":"P4NR-Client","connectionStrategy":{"initialDelay":1000,"maxDelay":20000,"maxRetry":20,"randomisationFactor":0.1},"defaultSecureTokenLifetime":600000,"discoveryUrl":"","endpointMustExist":false,"keepPendingSessionsOnDisconnect":false,"keepSessionAlive":true,"privateKeyFile":null,"requestedSessionTimeout":60000,"securityMode":1,"securityPolicy":"http://opcfoundation.org/UA/SecurityPolicy#None","tokenRenewalInterval":0,"userIdentityInfo":{"type":0},"autoConnectCorrectEndpoint":true,"performanceMode":0,"pkiRootFolder":null},"template":"Unsecured","certificateOptions":{},"x509":false},{"id":"8bac5fdce5b41644","type":"opcua-compact-client","d":true,"name":"P4NR-OPCUA-Client-WAGO-PLC","clientOptions":{"endpoint":"opc.tcp://192.168.8.48:4840","applicationName":"P4NR-Client","applicationUri":"urn:inip2b01:P4NR-Client","clientCertificateManager":null,"certificateFile":null,"clientName":"P4NR-Client","connectionStrategy":{"initialDelay":1000,"maxDelay":20000,"maxRetry":20,"randomisationFactor":0.1},"defaultSecureTokenLifetime":600000,"discoveryUrl":"","endpointMustExist":false,"keepPendingSessionsOnDisconnect":false,"keepSessionAlive":true,"privateKeyFile":null,"requestedSessionTimeout":60000,"securityMode":1,"securityPolicy":"http://opcfoundation.org/UA/SecurityPolicy#None","tokenRenewalInterval":0,"userIdentityInfo":{"type":0},"autoConnectCorrectEndpoint":true,"performanceMode":0,"pkiRootFolder":null},"template":"Unsecured","certificateOptions":{},"x509":false},{"id":"45e2ad69202f3c45","type":"global-config","env":[],"modules":{"@plus4nodered/node-red-contrib-opcua-client":"1.2.16","@plus4nodered/node-red-contrib-opcua-services":"1.2.16","@plus4nodered/node-red-contrib-opcua-tools":"1.2.16"}}]