<?xml version="1.0"?>
<UANodeSet xmlns:xsi="http://www.w3.org/2001/XMLSchema-instance" xmlns:uax="http://opcfoundation.org/UA/2008/02/Types.xsd" xmlns="http://opcfoundation.org/UA/2011/03/UANodeSet.xsd" xmlns:ns2="http://opcfoundation.org/UA/DI/Type.xsd" xmlns:ns1="http://iniationware.com/UA/PLCnext/Type.xsd">
    <NamespaceUris>
        <Uri>http://iniationware.com/UA/PLCnext</Uri>
        <Uri>http://opcfoundation.org/UA/DI/</Uri>
    </NamespaceUris>
    <Models>
        <Model ModelUri="http://iniationware.com/UA/PLCnext" Version="1.0.0" PublicationDate="2025-09-30T00:00:00.000Z">
            <RequiredModel ModelUri="http://opcfoundation.org/UA/" Version="1.05.03" PublicationDate="2023-12-15T00:00:00.000Z"/>
            <RequiredModel ModelUri="http://opcfoundation.org/UA/DI/" Version="1.04.0" PublicationDate="2022-11-03T00:00:00.000Z"/>
        </Model>
    </Models>
    <Aliases>
        <Alias Alias="Argument">i=296</Alias>
        <Alias Alias="Boolean">i=1</Alias>
        <Alias Alias="Double">i=11</Alias>
        <Alias Alias="EUInformation">i=887</Alias>
        <Alias Alias="HasComponent">i=47</Alias>
        <Alias Alias="HasModellingRule">i=37</Alias>
        <Alias Alias="HasProperty">i=46</Alias>
        <Alias Alias="HasSubtype">i=45</Alias>
        <Alias Alias="HasTypeDefinition">i=40</Alias>
        <Alias Alias="Int32">i=6</Alias>
        <Alias Alias="LocalizedText">i=21</Alias>
        <Alias Alias="Organizes">i=35</Alias>
        <Alias Alias="Range">i=884</Alias>
        <Alias Alias="String">i=12</Alias>
    </Aliases>
<!--ReferenceTypes-->
<!--ObjectTypes-->
<!--ObjectType - 1:PLCnextDeviceType {{{{ -->
    <UAObjectType NodeId="ns=1;i=1000" BrowseName="1:PLCnextDeviceType">
        <DisplayName>PLCnextDeviceType</DisplayName>
        <Description>PLCnext I/O Device</Description>
        <References>
            <Reference ReferenceType="HasComponent">ns=1;i=1001</Reference>
            <Reference ReferenceType="HasComponent">ns=1;i=1020</Reference>
            <Reference ReferenceType="HasComponent">ns=1;i=1024</Reference>
            <Reference ReferenceType="HasComponent">ns=1;i=1028</Reference>
            <Reference ReferenceType="HasSubtype" IsForward="false">ns=2;i=1002</Reference>
        </References>
    </UAObjectType>
<!--Object - 1:Digitals {{{{ -->
    <UAObject NodeId="ns=1;i=1001" BrowseName="1:Digitals" ParentNodeId="ns=1;i=1000">
        <DisplayName>Digitals</DisplayName>
        <Description>Digital inputs and outputs</Description>
        <References>
            <Reference ReferenceType="HasTypeDefinition">i=61</Reference>
            <Reference ReferenceType="HasModellingRule">i=78</Reference>
            <Reference ReferenceType="HasComponent">ns=1;i=1002</Reference>
            <Reference ReferenceType="HasComponent">ns=1;i=1011</Reference>
        </References>
    </UAObject>
<!--Object - 1:Inputs {{{{ -->
    <UAObject NodeId="ns=1;i=1002" BrowseName="1:Inputs" ParentNodeId="ns=1;i=1001">
        <DisplayName>DigitalInputs</DisplayName>
        <Description>Digital input channels</Description>
        <References>
            <Reference ReferenceType="HasTypeDefinition">i=61</Reference>
            <Reference ReferenceType="HasModellingRule">i=78</Reference>
            <Reference ReferenceType="HasComponent">ns=1;i=1003</Reference>
            <Reference ReferenceType="HasComponent">ns=1;i=1004</Reference>
            <Reference ReferenceType="HasComponent">ns=1;i=1005</Reference>
            <Reference ReferenceType="HasComponent">ns=1;i=1006</Reference>
            <Reference ReferenceType="HasComponent">ns=1;i=1007</Reference>
            <Reference ReferenceType="HasComponent">ns=1;i=1008</Reference>
            <Reference ReferenceType="HasComponent">ns=1;i=1009</Reference>
            <Reference ReferenceType="HasComponent">ns=1;i=1010</Reference>
        </References>
    </UAObject>
    <UAVariable NodeId="ns=1;i=1003" BrowseName="1:IN01" ParentNodeId="ns=1;i=1002" AccessLevel="3" DataType="Boolean">
        <DisplayName>DigitalInput1</DisplayName>
        <References>
            <Reference ReferenceType="HasTypeDefinition">i=63</Reference>
            <Reference ReferenceType="HasModellingRule">i=78</Reference>
        </References>
        <Value>
            <uax:Boolean>false</uax:Boolean>
        </Value>
    </UAVariable>
    <UAVariable NodeId="ns=1;i=1004" BrowseName="1:IN02" ParentNodeId="ns=1;i=1002" AccessLevel="3" DataType="Boolean">
        <DisplayName>DigitalInput2</DisplayName>
        <References>
            <Reference ReferenceType="HasTypeDefinition">i=63</Reference>
            <Reference ReferenceType="HasModellingRule">i=78</Reference>
        </References>
        <Value>
            <uax:Boolean>false</uax:Boolean>
        </Value>
    </UAVariable>
    <UAVariable NodeId="ns=1;i=1005" BrowseName="1:IN03" ParentNodeId="ns=1;i=1002" AccessLevel="3" DataType="Boolean">
        <DisplayName>DigitalInput3</DisplayName>
        <References>
            <Reference ReferenceType="HasTypeDefinition">i=63</Reference>
            <Reference ReferenceType="HasModellingRule">i=78</Reference>
        </References>
        <Value>
            <uax:Boolean>false</uax:Boolean>
        </Value>
    </UAVariable>
    <UAVariable NodeId="ns=1;i=1006" BrowseName="1:IN04" ParentNodeId="ns=1;i=1002" AccessLevel="3" DataType="Boolean">
        <DisplayName>DigitalInput4</DisplayName>
        <References>
            <Reference ReferenceType="HasTypeDefinition">i=63</Reference>
            <Reference ReferenceType="HasModellingRule">i=78</Reference>
        </References>
        <Value>
            <uax:Boolean>false</uax:Boolean>
        </Value>
    </UAVariable>
    <UAVariable NodeId="ns=1;i=1007" BrowseName="1:IN05" ParentNodeId="ns=1;i=1002" AccessLevel="3" DataType="Boolean">
        <DisplayName>DigitalInput5</DisplayName>
        <References>
            <Reference ReferenceType="HasTypeDefinition">i=63</Reference>
            <Reference ReferenceType="HasModellingRule">i=78</Reference>
        </References>
        <Value>
            <uax:Boolean>false</uax:Boolean>
        </Value>
    </UAVariable>
    <UAVariable NodeId="ns=1;i=1008" BrowseName="1:IN06" ParentNodeId="ns=1;i=1002" AccessLevel="3" DataType="Boolean">
        <DisplayName>DigitalInput6</DisplayName>
        <References>
            <Reference ReferenceType="HasTypeDefinition">i=63</Reference>
            <Reference ReferenceType="HasModellingRule">i=78</Reference>
        </References>
        <Value>
            <uax:Boolean>false</uax:Boolean>
        </Value>
    </UAVariable>
    <UAVariable NodeId="ns=1;i=1009" BrowseName="1:IN07" ParentNodeId="ns=1;i=1002" AccessLevel="3" DataType="Boolean">
        <DisplayName>DigitalInput7</DisplayName>
        <References>
            <Reference ReferenceType="HasTypeDefinition">i=63</Reference>
            <Reference ReferenceType="HasModellingRule">i=78</Reference>
        </References>
        <Value>
            <uax:Boolean>false</uax:Boolean>
        </Value>
    </UAVariable>
    <UAVariable NodeId="ns=1;i=1010" BrowseName="1:IN08" ParentNodeId="ns=1;i=1002" AccessLevel="3" DataType="Boolean">
        <DisplayName>DigitalInput8</DisplayName>
        <References>
            <Reference ReferenceType="HasTypeDefinition">i=63</Reference>
            <Reference ReferenceType="HasModellingRule">i=78</Reference>
        </References>
        <Value>
            <uax:Boolean>false</uax:Boolean>
        </Value>
    </UAVariable>
<!--Object - 1:Inputs }}}} -->
<!--Object - 1:Outputs {{{{ -->
    <UAObject NodeId="ns=1;i=1011" BrowseName="1:Outputs" ParentNodeId="ns=1;i=1001">
        <DisplayName>Digital Outputs</DisplayName>
        <Description>Digital output channels</Description>
        <References>
            <Reference ReferenceType="HasTypeDefinition">i=61</Reference>
            <Reference ReferenceType="HasModellingRule">i=78</Reference>
            <Reference ReferenceType="HasComponent">ns=1;i=1012</Reference>
            <Reference ReferenceType="HasComponent">ns=1;i=1013</Reference>
            <Reference ReferenceType="HasComponent">ns=1;i=1014</Reference>
            <Reference ReferenceType="HasComponent">ns=1;i=1015</Reference>
            <Reference ReferenceType="HasComponent">ns=1;i=1016</Reference>
            <Reference ReferenceType="HasComponent">ns=1;i=1017</Reference>
            <Reference ReferenceType="HasComponent">ns=1;i=1018</Reference>
            <Reference ReferenceType="HasComponent">ns=1;i=1019</Reference>
        </References>
    </UAObject>
    <UAVariable NodeId="ns=1;i=1012" BrowseName="1:OUT01" ParentNodeId="ns=1;i=1011" AccessLevel="3" DataType="Boolean">
        <DisplayName>DigitalOutput1</DisplayName>
        <References>
            <Reference ReferenceType="HasTypeDefinition">i=63</Reference>
            <Reference ReferenceType="HasModellingRule">i=78</Reference>
        </References>
        <Value>
            <uax:Boolean>false</uax:Boolean>
        </Value>
    </UAVariable>
    <UAVariable NodeId="ns=1;i=1013" BrowseName="1:OUT02" ParentNodeId="ns=1;i=1011" AccessLevel="3" DataType="Boolean">
        <DisplayName>DigitalOutput2</DisplayName>
        <References>
            <Reference ReferenceType="HasTypeDefinition">i=63</Reference>
            <Reference ReferenceType="HasModellingRule">i=78</Reference>
        </References>
        <Value>
            <uax:Boolean>false</uax:Boolean>
        </Value>
    </UAVariable>
    <UAVariable NodeId="ns=1;i=1014" BrowseName="1:OUT03" ParentNodeId="ns=1;i=1011" AccessLevel="3" DataType="Boolean">
        <DisplayName>DigitalOutput3</DisplayName>
        <References>
            <Reference ReferenceType="HasTypeDefinition">i=63</Reference>
            <Reference ReferenceType="HasModellingRule">i=78</Reference>
        </References>
        <Value>
            <uax:Boolean>false</uax:Boolean>
        </Value>
    </UAVariable>
    <UAVariable NodeId="ns=1;i=1015" BrowseName="1:OUT04" ParentNodeId="ns=1;i=1011" AccessLevel="3" DataType="Boolean">
        <DisplayName>DigitalOutput4</DisplayName>
        <References>
            <Reference ReferenceType="HasTypeDefinition">i=63</Reference>
            <Reference ReferenceType="HasModellingRule">i=78</Reference>
        </References>
        <Value>
            <uax:Boolean>false</uax:Boolean>
        </Value>
    </UAVariable>
    <UAVariable NodeId="ns=1;i=1016" BrowseName="1:OUT05" ParentNodeId="ns=1;i=1011" AccessLevel="3" DataType="Boolean">
        <DisplayName>DigitalOutput5</DisplayName>
        <References>
            <Reference ReferenceType="HasTypeDefinition">i=63</Reference>
            <Reference ReferenceType="HasModellingRule">i=78</Reference>
        </References>
        <Value>
            <uax:Boolean>false</uax:Boolean>
        </Value>
    </UAVariable>
    <UAVariable NodeId="ns=1;i=1017" BrowseName="1:OUT06" ParentNodeId="ns=1;i=1011" AccessLevel="3" DataType="Boolean">
        <DisplayName>DigitalOutput6</DisplayName>
        <References>
            <Reference ReferenceType="HasTypeDefinition">i=63</Reference>
            <Reference ReferenceType="HasModellingRule">i=78</Reference>
        </References>
        <Value>
            <uax:Boolean>false</uax:Boolean>
        </Value>
    </UAVariable>
    <UAVariable NodeId="ns=1;i=1018" BrowseName="1:OUT07" ParentNodeId="ns=1;i=1011" AccessLevel="3" DataType="Boolean">
        <DisplayName>DigitalOutput7</DisplayName>
        <References>
            <Reference ReferenceType="HasTypeDefinition">i=63</Reference>
            <Reference ReferenceType="HasModellingRule">i=78</Reference>
        </References>
        <Value>
            <uax:Boolean>false</uax:Boolean>
        </Value>
    </UAVariable>
    <UAVariable NodeId="ns=1;i=1019" BrowseName="1:OUT08" ParentNodeId="ns=1;i=1011" AccessLevel="3" DataType="Boolean">
        <DisplayName>DigitalOutput8</DisplayName>
        <References>
            <Reference ReferenceType="HasTypeDefinition">i=63</Reference>
            <Reference ReferenceType="HasModellingRule">i=78</Reference>
        </References>
        <Value>
            <uax:Boolean>false</uax:Boolean>
        </Value>
    </UAVariable>
<!--Object - 1:Outputs }}}} -->
<!--Object - 1:Digitals }}}} -->
<!--Object - 1:Analogs {{{{ -->
    <UAObject NodeId="ns=1;i=1020" BrowseName="1:Analogs" ParentNodeId="ns=1;i=1000">
        <DisplayName>AnalogOutputs</DisplayName>
        <Description>Analog output</Description>
        <References>
            <Reference ReferenceType="HasTypeDefinition">i=61</Reference>
            <Reference ReferenceType="HasModellingRule">i=78</Reference>
            <Reference ReferenceType="HasComponent">ns=1;i=1021</Reference>
        </References>
    </UAObject>
    <UAVariable NodeId="ns=1;i=1021" BrowseName="1:OUT01" ParentNodeId="ns=1;i=1020" AccessLevel="3" DataType="Double">
        <DisplayName>AnalogOutput1</DisplayName>
        <Description>Analog voltage output (0-10V)</Description>
        <References>
            <Reference ReferenceType="HasTypeDefinition">i=2368</Reference>
            <Reference ReferenceType="HasModellingRule">i=78</Reference>
            <Reference ReferenceType="HasProperty">ns=1;i=1022</Reference>
            <Reference ReferenceType="HasProperty">ns=1;i=1023</Reference>
        </References>
    </UAVariable>
    <UAVariable NodeId="ns=1;i=1022" BrowseName="EURange" ParentNodeId="ns=1;i=1021" AccessLevel="3" DataType="Range">
        <DisplayName>EURange</DisplayName>
        <References>
            <Reference ReferenceType="HasTypeDefinition">i=68</Reference>
            <Reference ReferenceType="HasModellingRule">i=78</Reference>
        </References>
        <Value>
            <ExtensionObject xmlns="http://opcfoundation.org/UA/2008/02/Types.xsd">
                <TypeId>
                    <Identifier>i=885</Identifier>
                </TypeId>
                <Body>
                    <Range>
                        <Low>0</Low>
                        <High>10</High>
                    </Range>
                </Body>
            </ExtensionObject>
        </Value>
    </UAVariable>
    <UAVariable NodeId="ns=1;i=1023" BrowseName="EngineeringUnits" ParentNodeId="ns=1;i=1021" DataType="EUInformation">
        <DisplayName>EngineeringUnits</DisplayName>
        <References>
            <Reference ReferenceType="HasTypeDefinition">i=68</Reference>
            <Reference ReferenceType="HasModellingRule">i=78</Reference>
        </References>
        <Value>
            <ExtensionObject xmlns="http://opcfoundation.org/UA/2008/02/Types.xsd">
                <TypeId>
                    <Identifier>i=888</Identifier>
                </TypeId>
                <Body>
                    <EUInformation>
                        <NamespaceUri>http://www.opcfoundation.org/UA/units/un/cefact</NamespaceUri>
                        <UnitId>5655636</UnitId>
                        <DisplayName>
                            <Text>V</Text>
                        </DisplayName>
                        <Description>
                            <Text>volt (V)</Text>
                        </Description>
                    </EUInformation>
                </Body>
            </ExtensionObject>
        </Value>
    </UAVariable>
<!--Object - 1:Analogs }}}} -->
<!--Object - 2:ParameterSet {{{{ -->
    <UAObject NodeId="ns=1;i=1024" BrowseName="2:ParameterSet" ParentNodeId="ns=1;i=1000">
        <DisplayName>ParameterSet</DisplayName>
        <Description>Device parameters</Description>
        <References>
            <Reference ReferenceType="HasTypeDefinition">i=58</Reference>
            <Reference ReferenceType="HasModellingRule">i=78</Reference>
            <Reference ReferenceType="HasComponent">ns=1;i=1025</Reference>
            <Reference ReferenceType="HasComponent">ns=1;i=1026</Reference>
            <Reference ReferenceType="HasComponent">ns=1;i=1027</Reference>
        </References>
    </UAObject>
    <UAVariable NodeId="ns=1;i=1025" BrowseName="1:DeviceName" ParentNodeId="ns=1;i=1024" AccessLevel="3" DataType="String">
        <DisplayName>DeviceName</DisplayName>
        <References>
            <Reference ReferenceType="HasTypeDefinition">i=63</Reference>
            <Reference ReferenceType="HasModellingRule">i=78</Reference>
        </References>
        <Value>
            <uax:String>Iniationware PLCnext Device</uax:String>
        </Value>
    </UAVariable>
    <UAVariable NodeId="ns=1;i=1026" BrowseName="1:SerialNumber" ParentNodeId="ns=1;i=1024" AccessLevel="3" DataType="String">
        <DisplayName>SerialNumber</DisplayName>
        <References>
            <Reference ReferenceType="HasTypeDefinition">i=63</Reference>
            <Reference ReferenceType="HasModellingRule">i=78</Reference>
        </References>
        <Value>
            <uax:String>IniationwarePLC001</uax:String>
        </Value>
    </UAVariable>
    <UAVariable NodeId="ns=1;i=1027" BrowseName="1:ManufacturerName" ParentNodeId="ns=1;i=1024" AccessLevel="3" DataType="String">
        <DisplayName>ManufacturerName</DisplayName>
        <References>
            <Reference ReferenceType="HasTypeDefinition">i=63</Reference>
            <Reference ReferenceType="HasModellingRule">i=78</Reference>
        </References>
        <Value>
            <uax:String>p4nr</uax:String>
        </Value>
    </UAVariable>
<!--Object - 2:ParameterSet }}}} -->
<!--Object - 2:MethodSet {{{{ -->
    <UAObject NodeId="ns=1;i=1028" BrowseName="2:MethodSet" ParentNodeId="ns=1;i=1000">
        <DisplayName>MethodSet</DisplayName>
        <Description>Device methods</Description>
        <References>
            <Reference ReferenceType="HasTypeDefinition">i=58</Reference>
            <Reference ReferenceType="HasModellingRule">i=78</Reference>
            <Reference ReferenceType="HasComponent">ns=1;i=1029</Reference>
        </References>
    </UAObject>
    <UAMethod NodeId="ns=1;i=1029" BrowseName="1:CurrentVoltage" ParentNodeId="ns=1;i=1028">
        <DisplayName>GetCurrentVoltage</DisplayName>
        <Description>Returns current voltage of analog output</Description>
        <References>
            <Reference ReferenceType="HasModellingRule">i=78</Reference>
            <Reference ReferenceType="HasProperty">ns=1;i=1030</Reference>
        </References>
    </UAMethod>
    <UAVariable NodeId="ns=1;i=1030" BrowseName="OutputArguments" ParentNodeId="ns=1;i=1029" ValueRank="1" ArrayDimensions="1" DataType="Argument">
        <DisplayName>OutputArguments</DisplayName>
        <Description>the definition of the output arguments of method 2:MethodSet.1:CurrentVoltage</Description>
        <References>
            <Reference ReferenceType="HasTypeDefinition">i=68</Reference>
            <Reference ReferenceType="HasModellingRule">i=78</Reference>
        </References>
        <Value>
            <ListOfExtensionObject xmlns="http://opcfoundation.org/UA/2008/02/Types.xsd">
                <ExtensionObject>
                    <TypeId>
                        <Identifier>i=297</Identifier>
                    </TypeId>
                    <Body>
                        <Argument>
                            <Name>Voltage</Name>
                            <DataType>
                                <Identifier>i=11</Identifier>
                            </DataType>
                            <ValueRank>-1</ValueRank>
                            <ArrayDimensions/>
                            <Description>
                                <Text>Current voltage value in volts</Text>
                            </Description>
                        </Argument>
                    </Body>
                </ExtensionObject>
            </ListOfExtensionObject>
        </Value>
    </UAVariable>
<!--Object - 2:MethodSet }}}} -->
<!--ObjectType - 1:PLCnextDeviceType }}}}-->
<!--VariableTypes-->
<!--Other Nodes-->
<!--Object - 1:PLCnextDevice1 {{{{ -->
    <UAObject NodeId="ns=1;i=1031" BrowseName="1:PLCnextDevice1">
        <DisplayName>PLCnextDevice1</DisplayName>
        <Description>PLCnext I/O Device Instance</Description>
        <References>
            <Reference ReferenceType="HasTypeDefinition">ns=1;i=1000</Reference>
            <Reference ReferenceType="HasComponent">ns=1;i=1032</Reference>
            <Reference ReferenceType="HasComponent">ns=1;i=1051</Reference>
            <Reference ReferenceType="HasComponent">ns=1;i=1055</Reference>
            <Reference ReferenceType="HasComponent">ns=1;i=1059</Reference>
            <Reference ReferenceType="HasProperty">ns=1;i=1062</Reference>
            <Reference ReferenceType="HasProperty">ns=1;i=1063</Reference>
            <Reference ReferenceType="HasProperty">ns=1;i=1064</Reference>
            <Reference ReferenceType="HasProperty">ns=1;i=1065</Reference>
            <Reference ReferenceType="HasProperty">ns=1;i=1066</Reference>
            <Reference ReferenceType="HasProperty">ns=1;i=1067</Reference>
            <Reference ReferenceType="HasProperty">ns=1;i=1068</Reference>
            <Reference ReferenceType="HasProperty">ns=1;i=1069</Reference>
            <Reference ReferenceType="Organizes" IsForward="false">ns=2;i=5001</Reference>
        </References>
    </UAObject>
<!--Object - 1:Digitals {{{{ -->
    <UAObject NodeId="ns=1;i=1032" BrowseName="1:Digitals" ParentNodeId="ns=1;i=1031">
        <DisplayName>Digitals</DisplayName>
        <Description>Digital inputs and outputs</Description>
        <References>
            <Reference ReferenceType="HasTypeDefinition">i=61</Reference>
            <Reference ReferenceType="HasComponent">ns=1;i=1033</Reference>
            <Reference ReferenceType="HasComponent">ns=1;i=1042</Reference>
        </References>
    </UAObject>
<!--Object - 1:Inputs {{{{ -->
    <UAObject NodeId="ns=1;i=1033" BrowseName="1:Inputs" ParentNodeId="ns=1;i=1032">
        <DisplayName>DigitalInputs</DisplayName>
        <Description>Digital input channels</Description>
        <References>
            <Reference ReferenceType="HasTypeDefinition">i=61</Reference>
            <Reference ReferenceType="HasComponent">ns=1;i=1034</Reference>
            <Reference ReferenceType="HasComponent">ns=1;i=1035</Reference>
            <Reference ReferenceType="HasComponent">ns=1;i=1036</Reference>
            <Reference ReferenceType="HasComponent">ns=1;i=1037</Reference>
            <Reference ReferenceType="HasComponent">ns=1;i=1038</Reference>
            <Reference ReferenceType="HasComponent">ns=1;i=1039</Reference>
            <Reference ReferenceType="HasComponent">ns=1;i=1040</Reference>
            <Reference ReferenceType="HasComponent">ns=1;i=1041</Reference>
        </References>
    </UAObject>
    <UAVariable NodeId="ns=1;i=1034" BrowseName="1:IN01" ParentNodeId="ns=1;i=1033" AccessLevel="3" DataType="Boolean">
        <DisplayName>DigitalInput1</DisplayName>
        <References>
            <Reference ReferenceType="HasTypeDefinition">i=63</Reference>
        </References>
        <Value>
            <uax:Boolean>false</uax:Boolean>
        </Value>
    </UAVariable>
    <UAVariable NodeId="ns=1;i=1035" BrowseName="1:IN02" ParentNodeId="ns=1;i=1033" AccessLevel="3" DataType="Boolean">
        <DisplayName>DigitalInput2</DisplayName>
        <References>
            <Reference ReferenceType="HasTypeDefinition">i=63</Reference>
        </References>
        <Value>
            <uax:Boolean>false</uax:Boolean>
        </Value>
    </UAVariable>
    <UAVariable NodeId="ns=1;i=1036" BrowseName="1:IN03" ParentNodeId="ns=1;i=1033" AccessLevel="3" DataType="Boolean">
        <DisplayName>DigitalInput3</DisplayName>
        <References>
            <Reference ReferenceType="HasTypeDefinition">i=63</Reference>
        </References>
        <Value>
            <uax:Boolean>false</uax:Boolean>
        </Value>
    </UAVariable>
    <UAVariable NodeId="ns=1;i=1037" BrowseName="1:IN04" ParentNodeId="ns=1;i=1033" AccessLevel="3" DataType="Boolean">
        <DisplayName>DigitalInput4</DisplayName>
        <References>
            <Reference ReferenceType="HasTypeDefinition">i=63</Reference>
        </References>
        <Value>
            <uax:Boolean>false</uax:Boolean>
        </Value>
    </UAVariable>
    <UAVariable NodeId="ns=1;i=1038" BrowseName="1:IN05" ParentNodeId="ns=1;i=1033" AccessLevel="3" DataType="Boolean">
        <DisplayName>DigitalInput5</DisplayName>
        <References>
            <Reference ReferenceType="HasTypeDefinition">i=63</Reference>
        </References>
        <Value>
            <uax:Boolean>false</uax:Boolean>
        </Value>
    </UAVariable>
    <UAVariable NodeId="ns=1;i=1039" BrowseName="1:IN06" ParentNodeId="ns=1;i=1033" AccessLevel="3" DataType="Boolean">
        <DisplayName>DigitalInput6</DisplayName>
        <References>
            <Reference ReferenceType="HasTypeDefinition">i=63</Reference>
        </References>
        <Value>
            <uax:Boolean>false</uax:Boolean>
        </Value>
    </UAVariable>
    <UAVariable NodeId="ns=1;i=1040" BrowseName="1:IN07" ParentNodeId="ns=1;i=1033" AccessLevel="3" DataType="Boolean">
        <DisplayName>DigitalInput7</DisplayName>
        <References>
            <Reference ReferenceType="HasTypeDefinition">i=63</Reference>
        </References>
        <Value>
            <uax:Boolean>false</uax:Boolean>
        </Value>
    </UAVariable>
    <UAVariable NodeId="ns=1;i=1041" BrowseName="1:IN08" ParentNodeId="ns=1;i=1033" AccessLevel="3" DataType="Boolean">
        <DisplayName>DigitalInput8</DisplayName>
        <References>
            <Reference ReferenceType="HasTypeDefinition">i=63</Reference>
        </References>
        <Value>
            <uax:Boolean>false</uax:Boolean>
        </Value>
    </UAVariable>
<!--Object - 1:Inputs }}}} -->
<!--Object - 1:Outputs {{{{ -->
    <UAObject NodeId="ns=1;i=1042" BrowseName="1:Outputs" ParentNodeId="ns=1;i=1032">
        <DisplayName>Digital Outputs</DisplayName>
        <Description>Digital output channels</Description>
        <References>
            <Reference ReferenceType="HasTypeDefinition">i=61</Reference>
            <Reference ReferenceType="HasComponent">ns=1;i=1043</Reference>
            <Reference ReferenceType="HasComponent">ns=1;i=1044</Reference>
            <Reference ReferenceType="HasComponent">ns=1;i=1045</Reference>
            <Reference ReferenceType="HasComponent">ns=1;i=1046</Reference>
            <Reference ReferenceType="HasComponent">ns=1;i=1047</Reference>
            <Reference ReferenceType="HasComponent">ns=1;i=1048</Reference>
            <Reference ReferenceType="HasComponent">ns=1;i=1049</Reference>
            <Reference ReferenceType="HasComponent">ns=1;i=1050</Reference>
        </References>
    </UAObject>
    <UAVariable NodeId="ns=1;i=1043" BrowseName="1:OUT01" ParentNodeId="ns=1;i=1042" AccessLevel="3" DataType="Boolean">
        <DisplayName>DigitalOutput1</DisplayName>
        <References>
            <Reference ReferenceType="HasTypeDefinition">i=63</Reference>
        </References>
        <Value>
            <uax:Boolean>false</uax:Boolean>
        </Value>
    </UAVariable>
    <UAVariable NodeId="ns=1;i=1044" BrowseName="1:OUT02" ParentNodeId="ns=1;i=1042" AccessLevel="3" DataType="Boolean">
        <DisplayName>DigitalOutput2</DisplayName>
        <References>
            <Reference ReferenceType="HasTypeDefinition">i=63</Reference>
        </References>
        <Value>
            <uax:Boolean>false</uax:Boolean>
        </Value>
    </UAVariable>
    <UAVariable NodeId="ns=1;i=1045" BrowseName="1:OUT03" ParentNodeId="ns=1;i=1042" AccessLevel="3" DataType="Boolean">
        <DisplayName>DigitalOutput3</DisplayName>
        <References>
            <Reference ReferenceType="HasTypeDefinition">i=63</Reference>
        </References>
        <Value>
            <uax:Boolean>false</uax:Boolean>
        </Value>
    </UAVariable>
    <UAVariable NodeId="ns=1;i=1046" BrowseName="1:OUT04" ParentNodeId="ns=1;i=1042" AccessLevel="3" DataType="Boolean">
        <DisplayName>DigitalOutput4</DisplayName>
        <References>
            <Reference ReferenceType="HasTypeDefinition">i=63</Reference>
        </References>
        <Value>
            <uax:Boolean>false</uax:Boolean>
        </Value>
    </UAVariable>
    <UAVariable NodeId="ns=1;i=1047" BrowseName="1:OUT05" ParentNodeId="ns=1;i=1042" AccessLevel="3" DataType="Boolean">
        <DisplayName>DigitalOutput5</DisplayName>
        <References>
            <Reference ReferenceType="HasTypeDefinition">i=63</Reference>
        </References>
        <Value>
            <uax:Boolean>false</uax:Boolean>
        </Value>
    </UAVariable>
    <UAVariable NodeId="ns=1;i=1048" BrowseName="1:OUT06" ParentNodeId="ns=1;i=1042" AccessLevel="3" DataType="Boolean">
        <DisplayName>DigitalOutput6</DisplayName>
        <References>
            <Reference ReferenceType="HasTypeDefinition">i=63</Reference>
        </References>
        <Value>
            <uax:Boolean>false</uax:Boolean>
        </Value>
    </UAVariable>
    <UAVariable NodeId="ns=1;i=1049" BrowseName="1:OUT07" ParentNodeId="ns=1;i=1042" AccessLevel="3" DataType="Boolean">
        <DisplayName>DigitalOutput7</DisplayName>
        <References>
            <Reference ReferenceType="HasTypeDefinition">i=63</Reference>
        </References>
        <Value>
            <uax:Boolean>false</uax:Boolean>
        </Value>
    </UAVariable>
    <UAVariable NodeId="ns=1;i=1050" BrowseName="1:OUT08" ParentNodeId="ns=1;i=1042" AccessLevel="3" DataType="Boolean">
        <DisplayName>DigitalOutput8</DisplayName>
        <References>
            <Reference ReferenceType="HasTypeDefinition">i=63</Reference>
        </References>
        <Value>
            <uax:Boolean>false</uax:Boolean>
        </Value>
    </UAVariable>
<!--Object - 1:Outputs }}}} -->
<!--Object - 1:Digitals }}}} -->
<!--Object - 1:Analogs {{{{ -->
    <UAObject NodeId="ns=1;i=1051" BrowseName="1:Analogs" ParentNodeId="ns=1;i=1031">
        <DisplayName>AnalogOutputs</DisplayName>
        <Description>Analog output</Description>
        <References>
            <Reference ReferenceType="HasTypeDefinition">i=61</Reference>
            <Reference ReferenceType="HasComponent">ns=1;i=1052</Reference>
        </References>
    </UAObject>
    <UAVariable NodeId="ns=1;i=1052" BrowseName="1:OUT01" ParentNodeId="ns=1;i=1051" AccessLevel="3" DataType="Double">
        <DisplayName>AnalogOutput1</DisplayName>
        <Description>Analog voltage output (0-10V)</Description>
        <References>
            <Reference ReferenceType="HasTypeDefinition">i=2368</Reference>
            <Reference ReferenceType="HasProperty">ns=1;i=1053</Reference>
            <Reference ReferenceType="HasProperty">ns=1;i=1054</Reference>
        </References>
    </UAVariable>
    <UAVariable NodeId="ns=1;i=1053" BrowseName="EURange" ParentNodeId="ns=1;i=1052" AccessLevel="3" DataType="Range">
        <DisplayName>EURange</DisplayName>
        <References>
            <Reference ReferenceType="HasTypeDefinition">i=68</Reference>
        </References>
        <Value>
            <ExtensionObject xmlns="http://opcfoundation.org/UA/2008/02/Types.xsd">
                <TypeId>
                    <Identifier>i=885</Identifier>
                </TypeId>
                <Body>
                    <Range>
                        <Low>0</Low>
                        <High>10</High>
                    </Range>
                </Body>
            </ExtensionObject>
        </Value>
    </UAVariable>
    <UAVariable NodeId="ns=1;i=1054" BrowseName="EngineeringUnits" ParentNodeId="ns=1;i=1052" DataType="EUInformation">
        <DisplayName>EngineeringUnits</DisplayName>
        <References>
            <Reference ReferenceType="HasTypeDefinition">i=68</Reference>
        </References>
        <Value>
            <ExtensionObject xmlns="http://opcfoundation.org/UA/2008/02/Types.xsd">
                <TypeId>
                    <Identifier>i=888</Identifier>
                </TypeId>
                <Body>
                    <EUInformation>
                        <NamespaceUri>http://www.opcfoundation.org/UA/units/un/cefact</NamespaceUri>
                        <UnitId>5655636</UnitId>
                        <DisplayName>
                            <Text>V</Text>
                        </DisplayName>
                        <Description>
                            <Text>volt (V)</Text>
                        </Description>
                    </EUInformation>
                </Body>
            </ExtensionObject>
        </Value>
    </UAVariable>
<!--Object - 1:Analogs }}}} -->
<!--Object - 2:ParameterSet {{{{ -->
    <UAObject NodeId="ns=1;i=1055" BrowseName="2:ParameterSet" ParentNodeId="ns=1;i=1031">
        <DisplayName>ParameterSet</DisplayName>
        <Description>Device parameters</Description>
        <References>
            <Reference ReferenceType="HasTypeDefinition">i=58</Reference>
            <Reference ReferenceType="HasComponent">ns=1;i=1056</Reference>
            <Reference ReferenceType="HasComponent">ns=1;i=1057</Reference>
            <Reference ReferenceType="HasComponent">ns=1;i=1058</Reference>
        </References>
    </UAObject>
    <UAVariable NodeId="ns=1;i=1056" BrowseName="1:DeviceName" ParentNodeId="ns=1;i=1055" AccessLevel="3" DataType="String">
        <DisplayName>DeviceName</DisplayName>
        <References>
            <Reference ReferenceType="HasTypeDefinition">i=63</Reference>
        </References>
        <Value>
            <uax:String>Iniationware PLCnext Device</uax:String>
        </Value>
    </UAVariable>
    <UAVariable NodeId="ns=1;i=1057" BrowseName="1:SerialNumber" ParentNodeId="ns=1;i=1055" AccessLevel="3" DataType="String">
        <DisplayName>SerialNumber</DisplayName>
        <References>
            <Reference ReferenceType="HasTypeDefinition">i=63</Reference>
        </References>
        <Value>
            <uax:String>IniationwarePLC001</uax:String>
        </Value>
    </UAVariable>
    <UAVariable NodeId="ns=1;i=1058" BrowseName="1:ManufacturerName" ParentNodeId="ns=1;i=1055" AccessLevel="3" DataType="String">
        <DisplayName>ManufacturerName</DisplayName>
        <References>
            <Reference ReferenceType="HasTypeDefinition">i=63</Reference>
        </References>
        <Value>
            <uax:String>p4nr</uax:String>
        </Value>
    </UAVariable>
<!--Object - 2:ParameterSet }}}} -->
<!--Object - 2:MethodSet {{{{ -->
    <UAObject NodeId="ns=1;i=1059" BrowseName="2:MethodSet" ParentNodeId="ns=1;i=1031">
        <DisplayName>MethodSet</DisplayName>
        <Description>Device methods</Description>
        <References>
            <Reference ReferenceType="HasTypeDefinition">i=58</Reference>
            <Reference ReferenceType="HasComponent">ns=1;i=1060</Reference>
        </References>
    </UAObject>
    <UAMethod NodeId="ns=1;i=1060" BrowseName="1:CurrentVoltage" ParentNodeId="ns=1;i=1059" MethodDeclarationId="ns=1;i=1029">
        <DisplayName>GetCurrentVoltage</DisplayName>
        <Description>Returns current voltage of analog output</Description>
        <References>
            <Reference ReferenceType="HasProperty">ns=1;i=1061</Reference>
        </References>
    </UAMethod>
    <UAVariable NodeId="ns=1;i=1061" BrowseName="OutputArguments" ParentNodeId="ns=1;i=1060" ValueRank="1" ArrayDimensions="1" DataType="Argument">
        <DisplayName>OutputArguments</DisplayName>
        <Description>the definition of the output arguments of method 2:MethodSet.1:CurrentVoltage</Description>
        <References>
            <Reference ReferenceType="HasTypeDefinition">i=68</Reference>
        </References>
        <Value>
            <ListOfExtensionObject xmlns="http://opcfoundation.org/UA/2008/02/Types.xsd">
                <ExtensionObject>
                    <TypeId>
                        <Identifier>i=297</Identifier>
                    </TypeId>
                    <Body>
                        <Argument>
                            <Name>Voltage</Name>
                            <DataType>
                                <Identifier>i=11</Identifier>
                            </DataType>
                            <ValueRank>-1</ValueRank>
                            <ArrayDimensions/>
                            <Description>
                                <Text>Current voltage value in volts</Text>
                            </Description>
                        </Argument>
                    </Body>
                </ExtensionObject>
            </ListOfExtensionObject>
        </Value>
    </UAVariable>
<!--Object - 2:MethodSet }}}} -->
    <UAVariable NodeId="ns=1;i=1062" BrowseName="2:Manufacturer" ParentNodeId="ns=1;i=1031" DataType="LocalizedText">
        <DisplayName>Manufacturer</DisplayName>
        <Description>Name of the company that manufactured the device</Description>
        <References>
            <Reference ReferenceType="HasTypeDefinition">i=68</Reference>
        </References>
    </UAVariable>
    <UAVariable NodeId="ns=1;i=1063" BrowseName="2:Model" ParentNodeId="ns=1;i=1031" DataType="LocalizedText">
        <DisplayName>Model</DisplayName>
        <Description>Model name of the device</Description>
        <References>
            <Reference ReferenceType="HasTypeDefinition">i=68</Reference>
        </References>
    </UAVariable>
    <UAVariable NodeId="ns=1;i=1064" BrowseName="2:HardwareRevision" ParentNodeId="ns=1;i=1031" DataType="String">
        <DisplayName>HardwareRevision</DisplayName>
        <Description>Revision level of the hardware of the device</Description>
        <References>
            <Reference ReferenceType="HasTypeDefinition">i=68</Reference>
        </References>
    </UAVariable>
    <UAVariable NodeId="ns=1;i=1065" BrowseName="2:SoftwareRevision" ParentNodeId="ns=1;i=1031" DataType="String">
        <DisplayName>SoftwareRevision</DisplayName>
        <Description>Revision level of the software/firmware of the device</Description>
        <References>
            <Reference ReferenceType="HasTypeDefinition">i=68</Reference>
        </References>
    </UAVariable>
    <UAVariable NodeId="ns=1;i=1066" BrowseName="2:DeviceRevision" ParentNodeId="ns=1;i=1031" DataType="String">
        <DisplayName>DeviceRevision</DisplayName>
        <Description>Overall revision level of the device</Description>
        <References>
            <Reference ReferenceType="HasTypeDefinition">i=68</Reference>
        </References>
    </UAVariable>
    <UAVariable NodeId="ns=1;i=1067" BrowseName="2:DeviceManual" ParentNodeId="ns=1;i=1031" DataType="String">
        <DisplayName>DeviceManual</DisplayName>
        <Description>Address (pathname in the file system or a URL | Web address) of user manual for the device</Description>
        <References>
            <Reference ReferenceType="HasTypeDefinition">i=68</Reference>
        </References>
    </UAVariable>
    <UAVariable NodeId="ns=1;i=1068" BrowseName="2:SerialNumber" ParentNodeId="ns=1;i=1031" DataType="String">
        <DisplayName>SerialNumber</DisplayName>
        <Description>Identifier that uniquely identifies, within a manufacturer, a device instance</Description>
        <References>
            <Reference ReferenceType="HasTypeDefinition">i=68</Reference>
        </References>
    </UAVariable>
    <UAVariable NodeId="ns=1;i=1069" BrowseName="2:RevisionCounter" ParentNodeId="ns=1;i=1031" DataType="Int32">
        <DisplayName>RevisionCounter</DisplayName>
        <Description>An incremental counter indicating the number of times the static data within the Device has been modified</Description>
        <References>
            <Reference ReferenceType="HasTypeDefinition">i=68</Reference>
        </References>
    </UAVariable>
<!--Object - 1:PLCnextDevice1 }}}} -->
</UANodeSet>